Review ID,Store,Rating,Title,Review Text,Date,App Version,Language,Week
86a51a552ec50fc568ca0e6c1bd604fe917df90fe85656549af4ac85cb755d17,android,1,,"If we pledge our shares once and later unpledge them, we are being charged twice — once for pledging and once for unpledging. That itself is understandable, but the problem is that I have been charged multiple times even though I performed this action only once. After pledging and unpledging my shares one time, I did not perform any further pledge or unpledge transactions. However, I am still being charged repeatedly.",2026-04-23,18.7.1,en,
d65dcb668c186c352c9bdad1b679253d80f1d36ec07c3492c8dd15aff11d7baf,ios,1,,Raised ticket 7 days ago. No response received. Very poor customer service.,2026-03-29,5.42.0,en,12
3a8a6e89fb3e54573ae29f1a13d7756c150ae07058522283cdd7b0c6f4801ba7,ios,1,,Raised ticket 7 days ago. No response received. Very poor customer service.,2026-03-29,5.42.0,en,12
9a8d13bdd6dfced9210dd903c60d64ce0ca39246806114acf0a5a928984a9c53,android,1,,SIP amount deducted twice this month. Double deduction happened without any reason.,2026-03-29,5.42.0,en,12
929d390291056fac08ccda57f860373d9d9b0cfaba584331e9de79b828de9c21,ios,1,,Money deducted from bank but investment not done. Transaction shows failed status.,2026-03-29,5.42.0,en,12
5b777d5aa228e99649fef724fe13d26136842c8ed13ccda800b7b1d0c65e7a68,ios,1,,Raised ticket 7 days ago. No response received. Very poor customer service.,2026-03-28,5.42.0,en,12
94447c724e2bc5f838c38ef7b17fa7d5d87a7b32bdf3f09f1ecea809eb4ce9b2,android,1,,Withdrawal pending for 5 days. Urgently need money but no response from support.,2026-03-28,5.42.0,en,12
d41798db0082a17e54cb9e66021005153fffced6fe0e7edc39a4f6a12648d778,ios,1,,SIP amount deducted twice this month. Double deduction happened without any reason.,2026-03-28,5.42.0,en,12
f4feb4932fa3d97cbf6dc180e2aea0ca3fa29b82878f6b0ed3964540eb9cebe9,android,1,,Raised ticket 7 days ago. No response received. Very poor customer service.,2026-03-28,5.42.0,en,12
2193ab9cc54aef19f9bdd953a3ac5bdb5a46af7b29e6e6352ec5b56ccaa46f8e,android,1,,Money deducted from bank but investment not done. Transaction shows failed status.,2026-03-28,5.42.0,en,12
7262dbba2c2f42e5f0d67e2547d606eeb189f659aef20ba129317ec1a1c6c5b0,android,1,,Raised ticket 7 days ago. No response received. Very poor customer service.,2026-03-28,5.42.0,en,12
b8abb3ef7e51131fa5a7922b4c9593528441da630cb7f4489c6f89851acd426a,android,1,,Money deducted from bank but investment not done. Transaction shows failed status.,2026-03-27,5.42.0,en,12
f5600e2c8db90175ca1fd8e94a6dc97f27632c5f72c426b6bab12e0615d99e96,android,1,,Money deducted from bank but investment not done. Transaction shows failed status.,2026-03-27,5.42.0,en,12
609d6fb9761aa844994e29e9c6c61f7f3dca38b780b88a5504729b8a541b6645,ios,1,,Money deducted from bank but investment not done. Transaction shows failed status.,2026-03-27,5.42.0,en,12
98821caa54a8557c079c7e7f3f1271c221d7e8f5f1b40971c1061fec63bbec37,android,1,,Withdrawal pending for 5 days. Urgently need money but no response from support.,2026-03-27,5.42.0,en,12
cc5fbe75259b280c140a222f239330bb9bf13fa8883f3a0b79e4adbb4a8d24f6,android,1,,Raised ticket 7 days ago. No response received. Very poor customer service.,2026-03-27,5.42.0,en,12
4598277d0d4beb05fa0e9493c5dc40b363ba0e591914fa637f6f43b1274f8926,android,1,,Withdrawal pending for 5 days. Urgently need money but no response from support.,2026-03-27,5.42.0,en,12
b07db5a338d40bd8e79745a9b80a0c1ea5e26aa16dc5cea8395b15dc3ae91d62,android,1,,Money deducted from bank but investment not done. Transaction shows failed status.,2026-03-27,5.42.0,en,12
614910b136577c203ec3c2b8dfa4a6559473c32c322ec1e50b657be2d948e443,android,1,,Money deducted from bank but investment not done. Transaction shows failed status.,2026-03-27,5.42.0,en,12
c6d5943045f9fdd8c7e5d8999f3fe6d8db3e596b13b2f5f8cdbe2e62e68b7298,ios,1,,Withdrawal pending for 5 days. Urgently need money but no response from support.,2026-03-26,5.42.0,en,12
2211c8938413a37424e29916290d697357f004dd4424dc180d82f9b3a646f1dd,android,1,,Money deducted from bank but investment not done. Transaction shows failed status.,2026-03-26,5.42.0,en,12
1d754ba723413bcc6ae83051699b79750bc07c5e43b4f3ec4e20c9e4c0239bc8,android,1,,Raised ticket 7 days ago. No response received. Very poor customer service.,2026-03-26,5.42.0,en,12
8eb0bede6ec516972efc4d7d0faa190826468097b6ce1a35deaef52b8603366f,android,1,,Transaction stuck in processing state for 48 hours. No update no resolution given.,2026-03-25,5.42.0,en,12
6f8d2720628f5a2c4141cb25ce4b8ac5abebcbbb25cb4e24718ef236d6524509,android,1,,Raised ticket 7 days ago. No response received. Very poor customer service.,2026-03-25,5.42.0,en,12
4f16fb0c7e9b2a6127ed10461de386ee415f996139b72b7ddfc1eded90d3d4c8,android,1,,Money deducted from bank but investment not done. Transaction shows failed status.,2026-03-25,5.42.0,en,12
d0b6cd89c438d7384c1a5ce958be09b76d138729e3c2e52995e9e68684b8d603,android,1,,Transaction stuck in processing state for 48 hours. No update no resolution given.,2026-03-25,5.42.0,en,12
1a13e298f60089c2c1b4cf88e427442b0fe22531d12b01fee4b4a87885a2a248,ios,1,,Transaction stuck in processing state for 48 hours. No update no resolution given.,2026-03-25,5.42.0,en,12
1d47f5d38400dfa6e6db9e63543b539edb5b5c5018cbc56b85d94de4cd1cbaa2,android,1,,Raised ticket 7 days ago. No response received. Very poor customer service.,2026-03-25,5.42.0,en,12
320a623e2951bac66f00dc248ec6442f0d27d6f006c04ef9dbf862f36f41749b,ios,1,,Transaction stuck in processing state for 48 hours. No update no resolution given.,2026-03-25,5.42.0,en,12
4112513dbfcde5ca977cd66c1741a5ddf10cd9cb2d72554e4673a74e9163e2bf,android,1,,Money deducted from bank but investment not done. Transaction shows failed status.,2026-03-25,5.42.0,en,12
fbdd7d7d85454c915aee769f02508e01384fd1d64744540fd0b234dd178b194d,ios,1,,SIP amount deducted twice this month. Double deduction happened without any reason.,2026-03-25,5.42.0,en,12
94047788769b222df64c8d0be8d10687305e9bad6e509013ae8bb143b3b89057,android,1,,Withdrawal pending for 5 days. Urgently need money but no response from support.,2026-03-24,5.42.0,en,12
6947d11bd1017c138bf3ebb4447c75bdd87119a49f236146901afe9024618689,ios,1,,Withdrawal pending for 5 days. Urgently need money but no response from support.,2026-03-24,5.42.0,en,12
efa876e34287f2d641711af694a1ccc8276c2373f92e913aa232341ea93cb4fa,android,1,,Transaction stuck in processing state for 48 hours. No update no resolution given.,2026-03-24,5.42.0,en,12
fc8844ae5364fe9ba322818a128dce8de99bab37231dfa98546f449381e5a823,android,1,,SIP amount deducted twice this month. Double deduction happened without any reason.,2026-03-24,5.42.0,en,12
d41916c873d31755efedd74c92733ea8e717db0d4873c15e3a53b49eb116fc20,ios,1,,Transaction stuck in processing state for 48 hours. No update no resolution given.,2026-03-24,5.42.0,en,12
f59cf81d8ecdf9c5b10aff0633452cc567354d8e910560e83e8c2836ff61f5c6,ios,1,,Transaction stuck in processing state for 48 hours. No update no resolution given.,2026-03-24,5.42.0,en,12
5cc2e59b3a6d2cb0e2985babbf99b55323b1eb7839ce8b27335c8da1753f8fc2,android,1,,Withdrawal pending for 5 days. Urgently need money but no response from support.,2026-03-24,5.42.0,en,12
aef06937c7fbe02e7f795c9662664a9f8d1597bdcebe7f63951a8a17a33a93b7,ios,1,,SIP amount deducted twice this month. Double deduction happened without any reason.,2026-03-24,5.42.0,en,12
f671844f66b82c98a680586d943bfb2f59216ce2eb63353bc11c6f68e7aca98f,android,1,,SIP amount deducted twice this month. Double deduction happened without any reason.,2026-03-24,5.42.0,en,12
acd6348fb5f5819e7939b64096e0e8a04ad21eb70212e00b2890d613bd4d302d,android,1,,SIP amount deducted twice this month. Double deduction happened without any reason.,2026-03-24,5.42.0,en,12
80b9fee3ca2ffa1bf7d5d9f82193ce02d7027ed7ca2526812b4160d8c9ec1022,ios,1,,Transaction stuck in processing state for 48 hours. No update no resolution given.,2026-03-23,5.42.0,en,12
020a59ed82a81f4bf8650afb9f7d1634ba6f263509e6a44ee26ca187dbac5e6a,android,1,,Money deducted from bank but investment not done. Transaction shows failed status.,2026-03-23,5.42.0,en,12
cf0739e4eaa5a151b7c1b203aa8fec1f483e7a47498a386bc7ce08b27334fe31,android,1,,SIP amount deducted twice this month. Double deduction happened without any reason.,2026-03-23,5.42.0,en,12
17a9ac9055f35d29578bd0e5fbb893b223268d906226a3d59f1a1a8c2ddb12cb,ios,1,,SIP amount deducted twice this month. Double deduction happened without any reason.,2026-03-23,5.42.0,en,12
f33444394c95b7f7d51bc889642e292c808630a3576ebf64632cb58568efddf3,ios,1,,Raised ticket 7 days ago. No response received. Very poor customer service.,2026-03-23,5.42.0,en,12
0812a75591eebc45bdd331994fb078f15f759ac767365cd336f38a6e0da2a917,android,1,,Withdrawal pending for 5 days. Urgently need money but no response from support.,2026-03-23,5.42.0,en,12
948245a5ebc3035c97e57f28023521ef01ba9e499cc495d55062dc61c265b672,android,1,,Money deducted from bank but investment not done. Transaction shows failed status.,2026-03-23,5.42.0,en,12
129d10e8de579168ca89dc01806920be10ddfd9bdaa4c4a005902a2e07805c9e,android,1,,Raised ticket 7 days ago. No response received. Very poor customer service.,2026-03-23,5.42.0,en,12
600aa77944d42ff424bab1679c6bb27d17952a6721a5edb65fc531830c30fc99,ios,1,,Raised ticket 7 days ago. No response received. Very poor customer service.,2026-03-23,5.42.0,en,12
ca1e88986f0a31a5d935006a34b7a0a6fce8a0ecfc6fa4a24b76dbaa10fd80a2,ios,1,,Withdrawal pending for 5 days. Urgently need money but no response from support.,2026-03-22,5.41.0,en,11
0e37fd0e7fa86f3f0e108fda80ac6534fcc9538cfb4eaf792c04593292570adf,android,1,,Transaction stuck in processing state for 48 hours. No update no resolution given.,2026-03-22,5.41.0,en,11
b665c9058055a0bc427e12dc6212331b8879bfb21fcc445fc528d814db533ab0,ios,1,,Transaction stuck in processing state for 48 hours. No update no resolution given.,2026-03-21,5.41.0,en,11
a2f12e7f1b518e741aa27ad5dbbafb9bb7a7a996f805e806e54be0fc6e3af8d5,ios,1,,SIP amount deducted twice this month. Double deduction happened without any reason.,2026-03-21,5.41.0,en,11
60856ed04052294aa262a584ec1ee6861d7e2b237cdc5cc178ef274d9c1f85ae,android,1,,Transaction stuck in processing state for 48 hours. No update no resolution given.,2026-03-21,5.41.0,en,11
22ba47235683ecc64e40a1c097030c912f587bafa9347b553a003188941fa473,android,1,,Money deducted from bank but investment not done. Transaction shows failed status.,2026-03-21,5.41.0,en,11
48151f5022909df10fd91060ec1cecbae2f8a6f3bd49b22bd2699dde37306fcf,ios,1,,Transaction stuck in processing state for 48 hours. No update no resolution given.,2026-03-21,5.41.0,en,11
a7658ee0ef6fd6d1720f0628b9593ede7653a65b530e507ca9a5f2218e40f1de,ios,1,,Raised ticket 7 days ago. No response received. Very poor customer service.,2026-03-21,5.41.0,en,11
c122816d1926603fd6a6a56cf7b9a25b401d51d70b390eb440b9da07e1408418,ios,1,,Money deducted from bank but investment not done. Transaction shows failed status.,2026-03-21,5.41.0,en,11
2b26a6e788e52644c1ea14b8c0c653075cad9461d17fc163a366b133d55cb124,ios,1,,Withdrawal pending for 5 days. Urgently need money but no response from support.,2026-03-21,5.41.0,en,11
1996d82b9ef1f11f948f13eb65fc3773e1f29342be1f07cd41eb4468688ee2e1,android,1,,Withdrawal pending for 5 days. Urgently need money but no response from support.,2026-03-21,5.41.0,en,11
7f47cedc3188ddc46a1f3f62bff4b4dae70a84ee42bb7f549832327c75e21841,ios,1,,Withdrawal pending for 5 days. Urgently need money but no response from support.,2026-03-21,5.41.0,en,11
1731002ed483efc6c462036be5c6599630a8ea506a4540f502e4eb641421b7e1,android,1,,Transaction stuck in processing state for 48 hours. No update no resolution given.,2026-03-20,5.41.0,en,11
e30697eb41bbcbb6f4f6e35e678dfec0dad36b1a707e7bf682b863baf5bf580d,ios,1,,Money deducted from bank but investment not done. Transaction shows failed status.,2026-03-20,5.41.0,en,11
f4743c6d0dfe811e503c8f1bf770011673385eb8fe638767e42cfe9bc0ecbf77,ios,1,,Transaction stuck in processing state for 48 hours. No update no resolution given.,2026-03-20,5.41.0,en,11
30db29b9a35d3fd824bc3964c2d25cd774760135908272378a97b16728be60b8,android,1,,Withdrawal pending for 5 days. Urgently need money but no response from support.,2026-03-20,5.41.0,en,11
fa45ec8d89815c5ee522316fbdd92d5dd098593d39526d1641ad7650ba5143e0,android,1,,Money deducted from bank but investment not done. Transaction shows failed status.,2026-03-20,5.41.0,en,11
8cf146e493a6f2685bef3de1d3e2d38037be21664f3a2d3c36ace2318edea655,ios,1,,Transaction stuck in processing state for 48 hours. No update no resolution given.,2026-03-20,5.41.0,en,11
704374f8eb18bc6cde1972ac33378c8a90801455eaed37737240ff0d284bc571,ios,1,,Transaction stuck in processing state for 48 hours. No update no resolution given.,2026-03-20,5.41.0,en,11
03112900d89af5d9e2020976fbd2abf5fc63de35341caf252ce713815c084ff4,android,1,,SIP amount deducted twice this month. Double deduction happened without any reason.,2026-03-20,5.41.0,en,11
af931f29221772c85f99f2491d97d32a3354ca56b9bf73dd0a4708932c08d3ab,android,1,,Withdrawal pending for 5 days. Urgently need money but no response from support.,2026-03-20,5.41.0,en,11
b980cb1b183e8766234664844a116732f6ac7e69aaac57c36e10c18663738f7d,ios,1,,Transaction stuck in processing state for 48 hours. No update no resolution given.,2026-03-20,5.41.0,en,11
f094b52c44c651272f8fdfac7294b8450cb6091c1e1be372427eae48e5e9e10b,android,1,,Raised ticket 7 days ago. No response received. Very poor customer service.,2026-03-19,5.41.0,en,11
5f97ceb3cc7ca0c449bbf8f38adc61a03d548c2807f0843f2b482fe90b3d562f,android,1,,SIP amount deducted twice this month. Double deduction happened without any reason.,2026-03-19,5.41.0,en,11
172534a65b6ed7e45c03361c1c47c8534b3d6c22dc871940f079986195d8f7ed,android,1,,Money deducted from bank but investment not done. Transaction shows failed status.,2026-03-19,5.41.0,en,11
bb6f9a9bf047162b254fdd918311f3f27e69fb37d7745e3819357bd8b9d2848e,ios,1,,Money deducted from bank but investment not done. Transaction shows failed status.,2026-03-19,5.41.0,en,11
b24642f9a4fcd57cda30f5e63f21bc1df227ee9f0ce4765435fe761391cefb38,ios,1,,Transaction stuck in processing state for 48 hours. No update no resolution given.,2026-03-19,5.41.0,en,11
9403c220935e734cff40b612df5ac58997262fb6c7c49fc6bb9f05961a5342ff,android,1,,Transaction stuck in processing state for 48 hours. No update no resolution given.,2026-03-18,5.41.0,en,11
710d4cd21e52f470a3c79f9afaa2b78e6c684b444bdeb599d32d191fc64375b6,ios,1,,Raised ticket 7 days ago. No response received. Very poor customer service.,2026-03-18,5.41.0,en,11
9365bcfa5786d126dd90dc4024c43f8207b9e0526a0c4eb29d07a1fa4c84c856,android,1,,Withdrawal pending for 5 days. Urgently need money but no response from support.,2026-03-18,5.41.0,en,11
95b620571d8ad2284273de3b3ef854b0f5c6e4382d9facd43555af829554869d,ios,1,,Raised ticket 7 days ago. No response received. Very poor customer service.,2026-03-18,5.41.0,en,11
ea2bb0aeacc0abf244a13900f40f79bbbd9d42d2da7c2414f9af819a78a13ca1,ios,1,,Transaction stuck in processing state for 48 hours. No update no resolution given.,2026-03-18,5.41.0,en,11
c2a47fa8f427f763742ca57170c432922aa04cf0b78ee668ed522135769804f9,android,1,,SIP amount deducted twice this month. Double deduction happened without any reason.,2026-03-18,5.41.0,en,11
d79739705895bff0ac2c1886ef5af053c9cc8e829a1eeb11a764ef998dbf2ba9,android,1,,Transaction stuck in processing state for 48 hours. No update no resolution given.,2026-03-17,5.41.0,en,11
420e2f59d5126459d9a08baf7b5fda8b2042acd085c0ec8230881fe585e349f2,android,1,,Transaction stuck in processing state for 48 hours. No update no resolution given.,2026-03-17,5.41.0,en,11
db3d8a5af542ed82e0fbc97fda1961d3837fcac9ec0e00cf7297f663c55f1662,android,1,,SIP amount deducted twice this month. Double deduction happened without any reason.,2026-03-17,5.41.0,en,11
71ddc9c2654679d5d9ebaa2d6a565261f6c152167706b2575c7c264533c3be03,ios,1,,SIP amount deducted twice this month. Double deduction happened without any reason.,2026-03-17,5.41.0,en,11
1f0fac31462065c8996498601e1011847d780beb0ba235440db78c67c4bfca78,android,1,,Raised ticket 7 days ago. No response received. Very poor customer service.,2026-03-17,5.41.0,en,11
9e7764c551936cfaf533b25dc6d22be6d6d8539a329273b7902c855fb9c40cca,ios,1,,Transaction stuck in processing state for 48 hours. No update no resolution given.,2026-03-17,5.41.0,en,11
8c223bff0f39151d3b8a7e08746a2159f2c202ed52067a3050d49115e8c3b4b6,android,1,,Raised ticket 7 days ago. No response received. Very poor customer service.,2026-03-17,5.41.0,en,11
9d15a8b1ac1866019d55c6995df9a9d08e08f003a1f200d12e66743b1bc8eeb4,ios,1,,Raised ticket 7 days ago. No response received. Very poor customer service.,2026-03-17,5.41.0,en,11
87c0934c13b7e3161800fb406706b660ebc70af3aabcd8f6796f48210a663527,ios,1,,Money deducted from bank but investment not done. Transaction shows failed status.,2026-03-17,5.41.0,en,11
1b5657f122f45a607854476544f7dfa1bd3c7d265f6f12da863663542e6137e1,ios,1,,Money deducted from bank but investment not done. Transaction shows failed status.,2026-03-16,5.41.0,en,11
34b4cc67410864e70b1fc6a2eb8a2a922f71a93a35f56ba0f049207e3ab1ff88,android,1,,SIP amount deducted twice this month. Double deduction happened without any reason.,2026-03-16,5.41.0,en,11
408e4f3b738a595fa62e2a910095b2545c43faec77b5d610703ae72fb00417e9,android,1,,Withdrawal pending for 5 days. Urgently need money but no response from support.,2026-03-16,5.41.0,en,11
3653122a46d32581eaa7dcee30906dca438662229057f046a730ebf00abe2d3e,android,1,,Transaction stuck in processing state for 48 hours. No update no resolution given.,2026-03-16,5.41.0,en,11
a40a04bde68bcc292d9bd35a2f1062f52fb906aa61712fcdd0b40d244928104b,android,1,,Money deducted from bank but investment not done. Transaction shows failed status.,2026-03-16,5.41.0,en,11
a3f206995496b2dcb55f497bb2a8643fb63eb1120d32587c8e9902a9040f01b2,ios,1,,SIP amount deducted twice this month. Double deduction happened without any reason.,2026-03-15,5.40.0,en,10
55c95ea6ab53e267ab66b9fdc1941489513690a86238b311edaf95dd3b263980,ios,1,,Withdrawal pending for 5 days. Urgently need money but no response from support.,2026-03-15,5.40.0,en,10
77baac1026ec79edba68c95deb99ea5cc93bafeca38307049cef7b3650fad765,android,1,,Withdrawal pending for 5 days. Urgently need money but no response from support.,2026-03-15,5.40.0,en,10
73f727217c0b3527a240ad4824401f03967f717b9d1b8ebd7450ad6f32d14393,ios,1,,Money deducted from bank but investment not done. Transaction shows failed status.,2026-03-15,5.40.0,en,10
6e2d44a00902a4113139b0999ff0b60d50b90a9a890f788dab69a7bcf902261f,ios,1,,Transaction stuck in processing state for 48 hours. No update no resolution given.,2026-03-15,5.40.0,en,10
f90eb83328473754bb0ff7f9b5dfde41284e4b64778e7368fb1901415097e9d7,ios,1,,SIP amount deducted twice this month. Double deduction happened without any reason.,2026-03-15,5.40.0,en,10
a0ad1e1744448fe9343ac3f46d9b644f4a010d2a31b76ef5a2f8fd85abdd6b3c,ios,1,,Raised ticket 7 days ago. No response received. Very poor customer service.,2026-03-15,5.40.0,en,10
124b9b97d5209d8625cc77aa8189459e8b30b02f4213b1e0da3d911b1e47b638,ios,1,,Withdrawal pending for 5 days. Urgently need money but no response from support.,2026-03-15,5.40.0,en,10
82620351a127e3e9f7cbd03cb7402a101f6d9b15f61b882f85831bf47a51a189,android,1,,Raised ticket 7 days ago. No response received. Very poor customer service.,2026-03-15,5.40.0,en,10
d135962d594c7327982442d5d3c388ba41e904e307e1b05f2c92aff83d0ceb1c,android,1,,Withdrawal pending for 5 days. Urgently need money but no response from support.,2026-03-15,5.40.0,en,10
629e390248ecf826a63d636d562b266b2b0303f1c4a500afbc3c7c3da47d5bc5,ios,1,,Money deducted from bank but investment not done. Transaction shows failed status.,2026-03-14,5.40.0,en,10
548194ed2af4dc26ac498a85ae3899f1b54e972099f03c88b4114f153b5806cf,ios,1,,Raised ticket 7 days ago. No response received. Very poor customer service.,2026-03-14,5.40.0,en,10
4271fafcec41891f122620bcd2b1bcce0b4c641bda29a241e578742f7dff06cf,android,1,,Withdrawal pending for 5 days. Urgently need money but no response from support.,2026-03-14,5.40.0,en,10
bd5692e538d1c92c54aea288ce395b390379631bc9cab857347e858ce10f063e,android,1,,Withdrawal pending for 5 days. Urgently need money but no response from support.,2026-03-14,5.40.0,en,10
29882c832bc37303f05d50bd64f850094ced647c7d4a40c1c25f1089f04ae687,android,1,,Raised ticket 7 days ago. No response received. Very poor customer service.,2026-03-14,5.40.0,en,10
74f9be4907fe6a2f674313aaba5689d4ef4bd7af9534061bb2c4512150f51d14,ios,1,,Money deducted from bank but investment not done. Transaction shows failed status.,2026-03-13,5.40.0,en,10
19f80e9a5ec0e40fc3fe8eed737fdfbd24390fedc1ab5bb1c3f09837fc67c604,ios,1,,SIP amount deducted twice this month. Double deduction happened without any reason.,2026-03-13,5.40.0,en,10
db1d9d42e6e45308093ca4e6548ac7fec108250c96bcfd6834e52534e20b46a1,ios,1,,Withdrawal pending for 5 days. Urgently need money but no response from support.,2026-03-13,5.40.0,en,10
d5a83cd978f27093cc480d865d9b5d1ef5fb4a778c73baa57d052d55e1b214ca,ios,1,,Money deducted from bank but investment not done. Transaction shows failed status.,2026-03-13,5.40.0,en,10
9c55dfb67f1b97103d3b56831b714f809fc0bed0d7dee4e7b9f7ee47d66d7c5c,android,1,,Transaction stuck in processing state for 48 hours. No update no resolution given.,2026-03-13,5.40.0,en,10
863fe25f5d2168f82b9459dba86654166928bfd5623ba4d932361ab9250d3fc5,ios,1,,SIP amount deducted twice this month. Double deduction happened without any reason.,2026-03-13,5.40.0,en,10
8b1c6526caee32d755b647b73158ead1f7027274120350470d7f780d281e7db6,android,1,,SIP amount deducted twice this month. Double deduction happened without any reason.,2026-03-13,5.40.0,en,10
6d5aa857c10e9955b383e252d082560f7138daffa14a6a44515d1632dff1d1ab,ios,1,,Withdrawal pending for 5 days. Urgently need money but no response from support.,2026-03-12,5.40.0,en,10
308c81f0c4b72e4c50a7cbd303f684773e10adbebe2b310827d0869dd060d1d0,android,1,,Raised ticket 7 days ago. No response received. Very poor customer service.,2026-03-12,5.40.0,en,10
161a3c950127ba1cc7cfcc541b08a409abb3cc1098fedd5a3644ee67e8c6bd57,android,1,,SIP amount deducted twice this month. Double deduction happened without any reason.,2026-03-12,5.40.0,en,10
6041dde93ca86534b418c56dcdafe553f85269632fef3255f37e3e2922a74d59,android,1,,Transaction stuck in processing state for 48 hours. No update no resolution given.,2026-03-12,5.40.0,en,10
9f0afc9c55eda01a6dda43cfd7c8cc369383c38dda8edc7998afe6042e3ac9da,android,1,,Raised ticket 7 days ago. No response received. Very poor customer service.,2026-03-12,5.40.0,en,10
b315b8a496eda3af15c2fdc37435f29f695d577af5a19bb0fe04dbc26fba4a7a,ios,1,,Money deducted from bank but investment not done. Transaction shows failed status.,2026-03-12,5.40.0,en,10
f84a6ab2b37fe04faeaf03e3efbaa9fd3490f49fc94cd2a66a4a724855abba41,ios,1,,Raised ticket 7 days ago. No response received. Very poor customer service.,2026-03-12,5.40.0,en,10
3a9db69e9e8090ce8d1b53084e1ab0cbecede194e37a3f84812e33889c289c82,ios,1,,Transaction stuck in processing state for 48 hours. No update no resolution given.,2026-03-12,5.40.0,en,10
c7c0912019d5b8d3aa07c84762946b4bd2759d3f5c89d1aa8d186d8227c8f269,android,1,,SIP amount deducted twice this month. Double deduction happened without any reason.,2026-03-12,5.40.0,en,10
a704906e99e8673ce83395311aa4d2f7e263d83d98c0be79b24b5d220498ef24,android,1,,Money deducted from bank but investment not done. Transaction shows failed status.,2026-03-12,5.40.0,en,10
d08f0614ce240145fd150da526c5e496d8f65e7fa681f8cc1f271ec74de6d0bd,android,1,,Raised ticket 7 days ago. No response received. Very poor customer service.,2026-03-12,5.40.0,en,10
cd05275f16d9d1f67a55ca89add0ef6f02acb1ef4cd04f8a624f5b9f8249b3c9,android,1,,Raised ticket 7 days ago. No response received. Very poor customer service.,2026-03-12,5.40.0,en,10
336b7a9b07989bcb83acb7becc1b53da44569e664776babbc66688e4b002f3d4,ios,1,,Withdrawal pending for 5 days. Urgently need money but no response from support.,2026-03-12,5.40.0,en,10
f101d58389001c2a16c5382ee05eb08951e167d9da2e8a2e634359bbe3869474,ios,1,,Raised ticket 7 days ago. No response received. Very poor customer service.,2026-03-12,5.40.0,en,10
d641e5b1c38cf8296c9f56d5053fc50a66c6de6b5bc937516db11e2285669cef,android,1,,Withdrawal pending for 5 days. Urgently need money but no response from support.,2026-03-11,5.40.0,en,10
1e536a65e1b6b35f2c13978462d16837b3ad7f59c73a1de9786337cd3e40ebf3,ios,1,,Withdrawal pending for 5 days. Urgently need money but no response from support.,2026-03-11,5.40.0,en,10
e3d93e82a685c9990b6a70a2a907470ea2cb8a8dd51c1907ee3d164e2b96ad6a,android,1,,Withdrawal pending for 5 days. Urgently need money but no response from support.,2026-03-11,5.40.0,en,10
96f32cae85a3dc4d7e8718f7fd4687f0fc7e6af10c2750490a466bbb24ac6b79,ios,1,,Withdrawal pending for 5 days. Urgently need money but no response from support.,2026-03-11,5.40.0,en,10
6cdfe6cf33d1db25d0cb1cd2fe73368443f8abab8d9bdc1dea2a8b6c932fd2ba,android,1,,Withdrawal pending for 5 days. Urgently need money but no response from support.,2026-03-11,5.40.0,en,10
175205b1252d089ba4110eb7d646208466f96648843d141a5a0c744cada6fcac,ios,1,,Raised ticket 7 days ago. No response received. Very poor customer service.,2026-03-11,5.40.0,en,10
07451f3dc65c246a8e00017be1beea8b748767abc7603306988b1106133947ea,android,1,,Money deducted from bank but investment not done. Transaction shows failed status.,2026-03-11,5.40.0,en,10
20e85757040a358f9f2c1d500a42cacb06673036b474376f46208152a53aad0d,android,1,,Money deducted from bank but investment not done. Transaction shows failed status.,2026-03-11,5.40.0,en,10
9ee0431945b03ab9528155aac8db61c3995983ee36566dfde0d3cc87964bf294,ios,1,,Raised ticket 7 days ago. No response received. Very poor customer service.,2026-03-11,5.40.0,en,10
0a75d587f808126835cff601935817ab95b7512c1c3779289cb184dc4cd9760a,ios,1,,Transaction stuck in processing state for 48 hours. No update no resolution given.,2026-03-10,5.40.0,en,10
bc9f091ec0fde0a1e5ca48de9979295bdebc68c8910d5c5431c74625e13b9716,ios,1,,SIP amount deducted twice this month. Double deduction happened without any reason.,2026-03-10,5.40.0,en,10
695aed5fcc531c0fdf4598ad83c20c20a572d6fd8eb6255094bc2b6374acebab,ios,1,,Transaction stuck in processing state for 48 hours. No update no resolution given.,2026-03-10,5.40.0,en,10
560b830282967ceb0df2c380b817b419692c8acabf2b36d2452178c5f9256b5f,ios,1,,Withdrawal pending for 5 days. Urgently need money but no response from support.,2026-03-10,5.40.0,en,10
c5381bac44d9e867db1d29ff5d801f0fdcae5bcaf3b8fc0e8cd053e2d0aaf4ce,android,1,,Withdrawal pending for 5 days. Urgently need money but no response from support.,2026-03-10,5.40.0,en,10
8770fc95aedd9ad00a1fea6458af75e56933f2bfbc10d1d9e3fe854947d41a68,ios,1,,Money deducted from bank but investment not done. Transaction shows failed status.,2026-03-10,5.40.0,en,10
5c4e2050d82a951811940852b753114fa9f073c359620da49befbdf5695641f8,android,1,,Transaction stuck in processing state for 48 hours. No update no resolution given.,2026-03-10,5.40.0,en,10
21e90ba6adbf3395639179807cab1833e15ab0ec74c771ebfc20f650a12728e8,android,1,,Raised ticket 7 days ago. No response received. Very poor customer service.,2026-03-09,5.40.0,en,10
3161446119673ff388c620fb5143999d354163892d9c36e26fdfb61e5f739cb0,ios,1,,Money deducted from bank but investment not done. Transaction shows failed status.,2026-03-09,5.40.0,en,10
eff65fc0564f4f5e7ba4b0a1591cd5ef4390be8d26ade4a9768f2b72b82d0f0e,ios,1,,Raised ticket 7 days ago. No response received. Very poor customer service.,2026-03-09,5.40.0,en,10
db15940ae85f2bdb0c4dc7418033bc19512b4df3fbd08e97734746f8e2f95f9f,ios,1,,Money deducted from bank but investment not done. Transaction shows failed status.,2026-03-09,5.40.0,en,10
eb92c2b1f894e9435e7cfa99b508ad70edd0a95bfefa058ff950d6a51be9f903,android,1,,Raised ticket 7 days ago. No response received. Very poor customer service.,2026-03-09,5.40.0,en,10
9d19dcff86254d05fe7afb8575691c6d9a9b7b6d5dc834c46d85015f2ff0ca0c,android,1,,Raised ticket 7 days ago. No response received. Very poor customer service.,2026-03-09,5.40.0,en,10
28889debfd24aff7d53b03208f15cf0396ee49478867748a4f64789822da2256,ios,1,,Withdrawal pending for 5 days. Urgently need money but no response from support.,2026-03-09,5.40.0,en,10
ad085f01662a7387258fb6d1604b8993740ecd244860879bed615a52c33b3ea8,android,1,,SIP amount deducted twice this month. Double deduction happened without any reason.,2026-03-09,5.40.0,en,10
c4f66f78797571354ce161d9fe789cce14e8169d6456b8c9f003997ddbd6fdde,ios,1,,Raised ticket 7 days ago. No response received. Very poor customer service.,2026-03-09,5.40.0,en,10
b3bd5edd5e0fb00ff633d73f414848f1abd7f8c1993ead5a9d45df988ce048be,android,1,,SIP amount deducted twice this month. Double deduction happened without any reason.,2026-03-09,5.40.0,en,10
68b56b10646510959992eb51ff5049999334c495212f18d1a9d0a1b1abf30692,android,1,,Transaction stuck in processing state for 48 hours. No update no resolution given.,2026-03-09,5.40.0,en,10
a0a39e7aeabd2f1a7a09e100f7a41308014e9a23d83b9a1fdeb76321b99900cc,android,1,,Withdrawal pending for 5 days. Urgently need money but no response from support.,2026-03-08,5.39.0,en,9
c60848d4aa342cca61c649738f04c2e57523140bcb2c5e45f09a6fba631cf8cc,ios,1,,Transaction stuck in processing state for 48 hours. No update no resolution given.,2026-03-08,5.39.0,en,9
c7e22e6e0ccd70194cf0df5947009b1a11078de2f48422ee75be0a43d9353b51,android,1,,Transaction stuck in processing state for 48 hours. No update no resolution given.,2026-03-08,5.39.0,en,9
230cb18b3e39fdbd189d1e64bfffc7f7d08880a4cfd069a60fbf8e37462c4a5b,ios,1,,Withdrawal pending for 5 days. Urgently need money but no response from support.,2026-03-08,5.39.0,en,9
c9729c9ef3a4703a1435c3300a88100e78e7286f6ba4ba4d556b3c45a41398cd,android,1,,Raised ticket 7 days ago. No response received. Very poor customer service.,2026-03-08,5.39.0,en,9
67bd48589946c1711b832c3761d48653166b2700e822d18244fba6c2e37e0c52,android,1,,Money deducted from bank but investment not done. Transaction shows failed status.,2026-03-08,5.39.0,en,9
9401e73a9d92caf813e3b2952985968e9184e32555d7cf72a641f17a198ec09d,ios,1,,Money deducted from bank but investment not done. Transaction shows failed status.,2026-03-07,5.39.0,en,9
39c315b958328773d13c4ae08b1cd8e92869c6a33e7b464e7ec5f0bf2ffce8ba,ios,1,,Transaction stuck in processing state for 48 hours. No update no resolution given.,2026-03-07,5.39.0,en,9
2fc4f52f77c7d91429668f58a1d224264e88d48d07659e3cbb1574c5dfb66d27,ios,1,,Withdrawal pending for 5 days. Urgently need money but no response from support.,2026-03-07,5.39.0,en,9
85472a3cebca49694192907020f86aa98d8a989ca820b723a0e4331f30590ee0,android,1,,Raised ticket 7 days ago. No response received. Very poor customer service.,2026-03-07,5.39.0,en,9
698b8c3b77965b1c93fcd9c8710d0633034375223c94189061ac052e8b4f4703,android,1,,Money deducted from bank but investment not done. Transaction shows failed status.,2026-03-07,5.39.0,en,9
1da7fdc490cf2623d3d3c01230811dc820e543fe946cc45787b990257f5df19d,ios,1,,Withdrawal pending for 5 days. Urgently need money but no response from support.,2026-03-07,5.39.0,en,9
0a3ffc5331bd536709a94cefc2c3eed342b76509ae288ce423bb0573ea10d0b6,android,1,,Raised ticket 7 days ago. No response received. Very poor customer service.,2026-03-06,5.39.0,en,9
93c88db86766162bfb9d797d2175362d2b1609b513346c210275bcd62e064452,ios,1,,SIP amount deducted twice this month. Double deduction happened without any reason.,2026-03-06,5.39.0,en,9
7bd15119783ced55b302e90f51573f211f403c2b6f3464480338337ba90e0a7a,android,1,,SIP amount deducted twice this month. Double deduction happened without any reason.,2026-03-06,5.39.0,en,9
0272929e201d314c64ee62c91cf4c746a539326d540ff41dde83a5dd7f25a72d,android,1,,Transaction stuck in processing state for 48 hours. No update no resolution given.,2026-03-06,5.39.0,en,9
8af36984e7a2c28b55d3c6f118cce18555abdfd7ff283d77eff19079bc5a8d64,android,1,,SIP amount deducted twice this month. Double deduction happened without any reason.,2026-03-06,5.39.0,en,9
b69a9e392a0d96d34fa05e712319cdceddd50e99f2e41c74c7ef8d1c78391fce,ios,1,,SIP amount deducted twice this month. Double deduction happened without any reason.,2026-03-06,5.39.0,en,9
34a4c403fb4723a2865ad3447ce1992b63ab496588c8de3681f45df945fb2a11,ios,1,,SIP amount deducted twice this month. Double deduction happened without any reason.,2026-03-06,5.39.0,en,9
2a89b23ff96db593a4cc17fdb5cd8851b67a9e96d08fe12ee517c68290be7d16,ios,1,,Transaction stuck in processing state for 48 hours. No update no resolution given.,2026-03-06,5.39.0,en,9
e220647aeafead383d09b00374b166211bbc180a35507cdbcfe73871fe97515d,ios,1,,Withdrawal pending for 5 days. Urgently need money but no response from support.,2026-03-06,5.39.0,en,9
1141e380ad88cd82ed51f885ccd0f4f0539cf82aa890a9f2e70a166bc867060e,ios,1,,Withdrawal pending for 5 days. Urgently need money but no response from support.,2026-03-06,5.39.0,en,9
3685e290fa88bfcdf4e32248c2f8b5a4e3dc75147012031b62dce00e036af453,ios,1,,SIP amount deducted twice this month. Double deduction happened without any reason.,2026-03-06,5.39.0,en,9
33353ab27042a042b99d0eb225609326ffec0b10d4f2de67415b7fbe1f792bda,android,1,,Money deducted from bank but investment not done. Transaction shows failed status.,2026-03-05,5.39.0,en,9
1c027893ecbce119e067584a778cafa4439d2426a61d7dc7b8f738aae6160bc6,android,1,,Money deducted from bank but investment not done. Transaction shows failed status.,2026-03-05,5.39.0,en,9
ff9cd1154d1588cc00110cf666de7634fd3002dcf3e45724fd882b038ad39016,android,1,,Withdrawal pending for 5 days. Urgently need money but no response from support.,2026-03-05,5.39.0,en,9
8fd41cf727b88aebab10b728e580fe4fe3631745b8befeb3e525bad877365eb0,ios,1,,Raised ticket 7 days ago. No response received. Very poor customer service.,2026-03-05,5.39.0,en,9
5eef75fb327f173ba2a03d181b378fe0b9b9684b5bcd5b5e0c4cc8be26c822c8,ios,1,,SIP amount deducted twice this month. Double deduction happened without any reason.,2026-03-05,5.39.0,en,9
a1bc9b9b1b8db1aa44dc929f0df5bbd9016222f51acdf6fe3c810b6583259026,ios,1,,Withdrawal pending for 5 days. Urgently need money but no response from support.,2026-03-05,5.39.0,en,9
8dc638f696d51f815305995d81002f8a026d7e8d4b035cfcb72c3d205aad9b01,android,1,,Money deducted from bank but investment not done. Transaction shows failed status.,2026-03-05,5.39.0,en,9
2872102ee9da26f26765ac5289e1f1191a9e86c25380e52fca318b839f42c08b,android,1,,Money deducted from bank but investment not done. Transaction shows failed status.,2026-03-05,5.39.0,en,9
cd54a07ec0f4979a64e1a31b3be3bcd281290fb18571a8d7e022be50f7789b0c,android,1,,Money deducted from bank but investment not done. Transaction shows failed status.,2026-03-05,5.39.0,en,9
dbf942540daa4d8b12658379d4f8ae304b3b3a59100cf5c68ceee50695027abb,ios,1,,SIP amount deducted twice this month. Double deduction happened without any reason.,2026-03-05,5.39.0,en,9
085003c9af33f68a2371ea49c0f0451a09b4b735a1c186c5823f8a590b601df4,ios,1,,SIP amount deducted twice this month. Double deduction happened without any reason.,2026-03-04,5.39.0,en,9
60113404fc032f97faedd04e3077114f6ccba6d51ec5d8290c79f8a553856207,ios,1,,Withdrawal pending for 5 days. Urgently need money but no response from support.,2026-03-04,5.39.0,en,9
32638ae12a49a5b1ea3bc7326691f996b4435034d7ff35ff48d0638d170fa1e9,android,1,,SIP amount deducted twice this month. Double deduction happened without any reason.,2026-03-04,5.39.0,en,9
241a3e4c89c8ebbdfec8d63b85360fded80c7a991f0b3b49c4f4482ef474b6f5,ios,1,,Transaction stuck in processing state for 48 hours. No update no resolution given.,2026-03-04,5.39.0,en,9
c15489cf65657f37d77388bf12a9f6d07c6de4a26d47e61107654a6e367585d0,ios,1,,Transaction stuck in processing state for 48 hours. No update no resolution given.,2026-03-04,5.39.0,en,9
6e9127e29aa71b9fb0072e04cd5f48556525c93e52f366d989193f6c88f6a295,ios,1,,Withdrawal pending for 5 days. Urgently need money but no response from support.,2026-03-04,5.39.0,en,9
7e72a87d5907f012a88a99f23d53f820c7c6c40c7d4cac32691c7d393527c1ca,android,1,,SIP amount deducted twice this month. Double deduction happened without any reason.,2026-03-04,5.39.0,en,9
6ca749987fb2d09444403402733edd1bfca549b16be36580860edc129819fc78,ios,1,,Withdrawal pending for 5 days. Urgently need money but no response from support.,2026-03-03,5.39.0,en,9
c473456e7bc5ad9a9426828406d7329afbdd80e62c6e3094b9dbf3a4883b3b99,android,1,,Withdrawal pending for 5 days. Urgently need money but no response from support.,2026-03-03,5.39.0,en,9
00a54f3edb579e6429a1d4336044933b28d89fd069c163729af3866b934eeb65,ios,1,,Withdrawal pending for 5 days. Urgently need money but no response from support.,2026-03-03,5.39.0,en,9
7a8a0aedff7d938234f19b41857792c8ae30a2dcfcb353311cb736d7b5bab711,ios,1,,Transaction stuck in processing state for 48 hours. No update no resolution given.,2026-03-03,5.39.0,en,9
41a31b6d801420880430cde88818a87a3047b11d69511e0cba4c766d8de68786,android,1,,Money deducted from bank but investment not done. Transaction shows failed status.,2026-03-03,5.39.0,en,9
b63812783355d086e4e55a36f54abaf79eb1afec019331efd14775345b2c0d65,ios,1,,Transaction stuck in processing state for 48 hours. No update no resolution given.,2026-03-03,5.39.0,en,9
bf1a07b9a29400e871e42177643ae8ba5d86a23756c22211258ba34daaaab00e,android,1,,Withdrawal pending for 5 days. Urgently need money but no response from support.,2026-03-03,5.39.0,en,9
49e03c1a83d938793204c2fdb06d955a68d335aee6766c4f91a58e637e4dbbeb,ios,1,,Raised ticket 7 days ago. No response received. Very poor customer service.,2026-03-03,5.39.0,en,9
26ecf97b003e28737640b890b5a97ac763d32a8647a3cbcd9bdee48a38e73f6e,ios,1,,Money deducted from bank but investment not done. Transaction shows failed status.,2026-03-02,5.39.0,en,9
7b77e8408916a8f8c896dd4fb1e862902a700cd9f9b369c0042225dd0058dd11,android,1,,Raised ticket 7 days ago. No response received. Very poor customer service.,2026-03-02,5.39.0,en,9
71e0cff6306510685be9134a53ef52c6601e5ab6c4f5f8e6321e3ca3b3a73dbc,ios,1,,Withdrawal pending for 5 days. Urgently need money but no response from support.,2026-03-02,5.39.0,en,9
818c92a28116ed164a1c95857970b805fc4ad458427a79f3e6873fb69a770ee0,android,1,,Raised ticket 7 days ago. No response received. Very poor customer service.,2026-03-02,5.39.0,en,9
8bbba4a4183f46bff90e086314865c57e4b6897f453a4c589b40c05a7dc4bc50,ios,1,,Money deducted from bank but investment not done. Transaction shows failed status.,2026-03-02,5.39.0,en,9
34a0393948696d51724a79f5a255a6151e64be042c49bf995757b28deddd71f2,ios,1,,Raised ticket 7 days ago. No response received. Very poor customer service.,2026-03-02,5.39.0,en,9
b1952d3a402bad19de513dff81787b1f91c525c5a0c7bbf599ada861b11af531,ios,1,,Raised ticket 7 days ago. No response received. Very poor customer service.,2026-03-01,5.38.0,en,8
f4dd9a134cc714f155702fa96f6feab9124340f451c6ac6dacdcad4bc2c7ee65,android,1,,Transaction stuck in processing state for 48 hours. No update no resolution given.,2026-03-01,5.38.0,en,8
f686a52f43cdaecb803d1eb03cd3658e43ec78686218cd58c123adfc527355f9,android,1,,Raised ticket 7 days ago. No response received. Very poor customer service.,2026-03-01,5.38.0,en,8
a877941f3743744456eed5367dce13e8be1f9c48e1425809df19fcdef18edba5,ios,1,,Withdrawal pending for 5 days. Urgently need money but no response from support.,2026-03-01,5.38.0,en,8
20c8ad4de06923d36012c130283e3324ebf3321fd78593f222dc186e2bf550b5,ios,1,,Raised ticket 7 days ago. No response received. Very poor customer service.,2026-03-01,5.38.0,en,8
b8cbd274c7c7edea439ea41c0ff4500af9e2414665f0948a7df988ef06bcb78b,android,1,,Raised ticket 7 days ago. No response received. Very poor customer service.,2026-03-01,5.38.0,en,8
d7a6ebf80ccfd47dc436f413b1d9ef9a5fcde18a2343421b858e13b0bfe4303d,ios,1,,Raised ticket 7 days ago. No response received. Very poor customer service.,2026-03-01,5.38.0,en,8
d341a627f3ba3f75397e1dc08341377d0c90e82524a79d090ec7a10c5e7a0680,ios,1,,Transaction stuck in processing state for 48 hours. No update no resolution given.,2026-03-01,5.38.0,en,8
dd7bc8646f57f3db648098df5f09af5a715705d8cbc3a85eb92b4fb186314eb7,ios,1,,Withdrawal pending for 5 days. Urgently need money but no response from support.,2026-03-01,5.38.0,en,8
bf206c5e2bae8a24265c8c2227a69e1526f01e264533f20c60dcc68303c18beb,android,1,,Withdrawal pending for 5 days. Urgently need money but no response from support.,2026-03-01,5.38.0,en,8
b9677087b6b82ede1f416f693a379c7b1a9f2c08b2a65b2e168b48fd2efac8ff,ios,1,,SIP amount deducted twice this month. Double deduction happened without any reason.,2026-03-01,5.38.0,en,8
2dd47b3e69f1af64b0fa31d0ee967f842d18d06d1dcf5fd530b988866849c102,android,1,,SIP amount deducted twice this month. Double deduction happened without any reason.,2026-03-01,5.38.0,en,8
9f62f1d4574a300d8f2e43fc29f2dc1167ca9de546c3216fcbc3209d44343a91,ios,1,,Money deducted from bank but investment not done. Transaction shows failed status.,2026-03-01,5.38.0,en,8
37c00708bfaa3e75163efba73b72a7092cb76868abcdf4bd87324a962c0a71b9,ios,1,,SIP amount deducted twice this month. Double deduction happened without any reason.,2026-03-01,5.38.0,en,8
51eadcc4c1a7ed602e6bdc8329a3e3a4f1f78ff8cc785ecec034370d272bb154,android,1,,SIP amount deducted twice this month. Double deduction happened without any reason.,2026-03-01,5.38.0,en,8
392d0971c6114356e3f6a588ec5887d63cd3a68f4cd6c0cb59dd14262a81016b,ios,1,,Withdrawal pending for 5 days. Urgently need money but no response from support.,2026-03-01,5.38.0,en,8
57e2391738a1773a1152207dddad93d7296740f9d066bb0f59db56ff896fe18a,ios,1,,Money deducted from bank but investment not done. Transaction shows failed status.,2026-03-01,5.38.0,en,8
f4c0d7b0a13928a8a796c00409989b0227f97753b41197ff926e81dd1a99ec76,ios,1,,SIP amount deducted twice this month. Double deduction happened without any reason.,2026-03-01,5.38.0,en,8
43a4ddc52420ec232ae2b35d76b61f00be54fe917f4173098f4615f3cf5aeb5a,android,1,,SIP amount deducted twice this month. Double deduction happened without any reason.,2026-02-28,5.38.0,en,8
899e27ab3d475031c0e300c35a449865d7c4f6386cbdb3ec6b3e349647f2544d,android,1,,Raised ticket 7 days ago. No response received. Very poor customer service.,2026-02-28,5.38.0,en,8
ca47831dabd285b23e9efd5b3559005363ed712db5ec34fd2c3a83d58604bf72,android,1,,Withdrawal pending for 5 days. Urgently need money but no response from support.,2026-02-28,5.38.0,en,8
df44a01d9008e31c5a5774520e54e832929916c3e92f239e70fd7fb30071f6c0,android,1,,Transaction stuck in processing state for 48 hours. No update no resolution given.,2026-02-28,5.38.0,en,8
c1a2f4d299c30b0133b5f8ea629065e1da67fb49d1a310d30e33e89f3dff93a3,android,1,,Transaction stuck in processing state for 48 hours. No update no resolution given.,2026-02-28,5.38.0,en,8
85468a739e1379feb87b215c575a00c819a97a8fd8419f748aaaf3ab175c048a,ios,1,,Transaction stuck in processing state for 48 hours. No update no resolution given.,2026-02-28,5.38.0,en,8
7e1a7be2c29aaf27bbfff1162b169a794277bcd774645833be8300675d90b7f3,android,1,,Withdrawal pending for 5 days. Urgently need money but no response from support.,2026-02-28,5.38.0,en,8
7fba28a4854c15a168d81b5dca970c06713d4683b035a422c965f5fcf942c72d,android,1,,Withdrawal pending for 5 days. Urgently need money but no response from support.,2026-02-28,5.38.0,en,8
1693a1cf1c0967576b1a64dcf455524f4ad6cd3a80b31e27f0bcd57b4350d10d,android,1,,Money deducted from bank but investment not done. Transaction shows failed status.,2026-02-28,5.38.0,en,8
e3506dca6e3adc711be3fa6b99bc8bd867fc7d532756f412fb4c2666bdf56426,android,1,,Raised ticket 7 days ago. No response received. Very poor customer service.,2026-02-28,5.38.0,en,8
d69a675d6d91f044a10ddd381f442ae98e7cbb0da42509357147f1a212471bc8,ios,1,,Transaction stuck in processing state for 48 hours. No update no resolution given.,2026-02-28,5.38.0,en,8
d19785464b19644388187b90ffeb6e36870a20e90366e87c67a14638eb053b19,ios,1,,SIP amount deducted twice this month. Double deduction happened without any reason.,2026-02-28,5.38.0,en,8
0ce69fe736b8051286a20d3c30b97c98684669c8c9c93e4a39620315a7fc9471,ios,1,,SIP amount deducted twice this month. Double deduction happened without any reason.,2026-02-28,5.38.0,en,8
22fb7408460a4eb6a95b0e55a70f5d20898e25df705839708d09e11845fa9990,ios,1,,Withdrawal pending for 5 days. Urgently need money but no response from support.,2026-02-28,5.38.0,en,8
13b9a982cd195aef475e768527edc3fbaeb5a4249e87624277ad4049df07396b,ios,1,,Money deducted from bank but investment not done. Transaction shows failed status.,2026-02-28,5.38.0,en,8
9877efe33833743c1f36c619d97e2a449b05d428a7bf2c7b0a3cffa8b6af42d0,ios,1,,SIP amount deducted twice this month. Double deduction happened without any reason.,2026-02-28,5.38.0,en,8
daaa34a7d57bf8be6f2cc106da361650139ea05c45ee3ce68c8f0c20d320dfc2,android,1,,Withdrawal pending for 5 days. Urgently need money but no response from support.,2026-02-28,5.38.0,en,8
c31545441d8941d984e294254764a40a99da9028e50fd1eec2f29384f7a1e720,android,1,,Money deducted from bank but investment not done. Transaction shows failed status.,2026-02-28,5.38.0,en,8
f36591ba7003d4c3ac9d0bcba7e1672144d506397aaf5064c9928174397eae0c,android,1,,SIP amount deducted twice this month. Double deduction happened without any reason.,2026-02-28,5.38.0,en,8
dcad5c9ef7b0882a1302b18bfa9090a7b74f8f3b9581ec2737ed3606330640df,ios,1,,Money deducted from bank but investment not done. Transaction shows failed status.,2026-02-28,5.38.0,en,8
1355fc1acb7f9030b92922f3649eecba03a5315774cd04eb54dfc9285a06bf09,android,1,,SIP amount deducted twice this month. Double deduction happened without any reason.,2026-02-28,5.38.0,en,8
44a3c8bbe2a0fd828dc49258654576a67971637b63aa2f7f97cbb97034ffd009,ios,1,,Withdrawal pending for 5 days. Urgently need money but no response from support.,2026-02-28,5.38.0,en,8
2d8be28400904e63d90625c79d3bec7572d9ebae7b05cc129924a6bb918ad940,android,1,,SIP amount deducted twice this month. Double deduction happened without any reason.,2026-02-28,5.38.0,en,8
3382fcb6ee27f5208801181b9e3b6d5bb4219bcfb0af4395a832a8bc60cb1a0e,android,1,,SIP amount deducted twice this month. Double deduction happened without any reason.,2026-02-28,5.38.0,en,8
715d774c29e2580a3055876183bc401793f3d55acd3e58f7c327c80b2de6bb5e,android,1,,Withdrawal pending for 5 days. Urgently need money but no response from support.,2026-02-28,5.38.0,en,8
be3e33723d5a634e84804e81e1f653e0d05853f17bbdb3e1d84eedf67ba50650,android,1,,Raised ticket 7 days ago. No response received. Very poor customer service.,2026-02-28,5.38.0,en,8
8ad6e522d68c7cc0011e41933686d642c5ccb22369b831bbcb5f476da160dbbc,android,1,,Transaction stuck in processing state for 48 hours. No update no resolution given.,2026-02-28,5.38.0,en,8
9eb35a15d17298b0755ba89a271c8cbc69579db8f3fd5e12b7b8fdc1e4ebb933,ios,1,,SIP amount deducted twice this month. Double deduction happened without any reason.,2026-02-27,5.38.0,en,8
dd3923276df3a31c81a36292ed84978f2f72d23c1d269c8d83da9a2b4fe2de25,android,1,,Money deducted from bank but investment not done. Transaction shows failed status.,2026-02-27,5.38.0,en,8
25074fc9fe8e15bf75ddf2e3733bd3f173e635ba52271ab816e126b81272729c,ios,1,,Raised ticket 7 days ago. No response received. Very poor customer service.,2026-02-27,5.38.0,en,8
1717c1b7a97ae741117dc74a18c2db0baf8b8ec4d6c1062ecf2748e3249771ee,android,1,,Withdrawal pending for 5 days. Urgently need money but no response from support.,2026-02-27,5.38.0,en,8
8904b40d17433996486ebb62712c1295ebd60a04077c43173639748f361ca5cf,ios,1,,Money deducted from bank but investment not done. Transaction shows failed status.,2026-02-27,5.38.0,en,8
b925692142c80753f6a1a7454a28acde26df5c192ce1daa7840d9671e90c0dd3,android,1,,Money deducted from bank but investment not done. Transaction shows failed status.,2026-02-27,5.38.0,en,8
42fe944eef8632ff6dfe7ea94cffd66baffc7024489a208154dbf50db1dfc425,ios,1,,Withdrawal pending for 5 days. Urgently need money but no response from support.,2026-02-27,5.38.0,en,8
4abfeda0bf41257e55da1e09ae443b241e3d6ffd15187b110044369c095535a0,android,1,,Withdrawal pending for 5 days. Urgently need money but no response from support.,2026-02-27,5.38.0,en,8
ff6cf0c8b755357881d6a3b363d3f5e885d93f6cb5cb59203e177a2632f975e0,ios,1,,Withdrawal pending for 5 days. Urgently need money but no response from support.,2026-02-27,5.38.0,en,8
c6266a30430b553673769d0d531c51e872378a80b4dea43be94da4eccfbde77c,ios,1,,Transaction stuck in processing state for 48 hours. No update no resolution given.,2026-02-27,5.38.0,en,8
9f1562d0351c377564de23222c5e4fea669ab0d1a747c912eb88d1b4c6ee01a4,ios,1,,Money deducted from bank but investment not done. Transaction shows failed status.,2026-02-27,5.38.0,en,8
c587a0cde475f16e994e1e8a0e7d12697b4ae1896c774869f60eb78f96522f16,android,1,,Withdrawal pending for 5 days. Urgently need money but no response from support.,2026-02-27,5.38.0,en,8
2a3587bfe5730e62620bf347c1dee04d639c4a2b91cee29ef35613b447c3e528,android,1,,Withdrawal pending for 5 days. Urgently need money but no response from support.,2026-02-27,5.38.0,en,8
e24055093a313b294a252f0a14c58d742a8e24ce1c199d6c4a110db8946355bb,android,1,,Withdrawal pending for 5 days. Urgently need money but no response from support.,2026-02-27,5.38.0,en,8
709dd972980987d9b4a34e489e77e517f5581d2cbe484d65ea52c5295c1f07ec,android,1,,Raised ticket 7 days ago. No response received. Very poor customer service.,2026-02-27,5.38.0,en,8
f122500c4aa8188aa282eff839d1403593cafff4c8f44f20640a60a0dde0284a,ios,1,,Transaction stuck in processing state for 48 hours. No update no resolution given.,2026-02-27,5.38.0,en,8
380cea9d87d02ccba89f3b0996ddfc11452073952b8deb4b3613b5641077e162,android,1,,Raised ticket 7 days ago. No response received. Very poor customer service.,2026-02-27,5.38.0,en,8
fbeaff1ed3e1f5c4e4ab035b9b2930ec36d54acbe7ab2b9ed3b690189737bee5,ios,1,,SIP amount deducted twice this month. Double deduction happened without any reason.,2026-02-26,5.38.0,en,8
4de181debdc0228088c6bb1e398aa5b41fb069f4be427ab72b9b5c756541b4d4,ios,1,,SIP amount deducted twice this month. Double deduction happened without any reason.,2026-02-26,5.38.0,en,8
74a60e0d3d2fbbd266781368165b29a42ec1a9cf5bb0828d5ca2e35bf3f7fc2d,android,1,,Withdrawal pending for 5 days. Urgently need money but no response from support.,2026-02-26,5.38.0,en,8
d7042e27c023beab38484f445ea4e5aa128e4a85885e9f52db2af6d33fcc4b32,ios,1,,SIP amount deducted twice this month. Double deduction happened without any reason.,2026-02-26,5.38.0,en,8
9ae23247e62a97ae98b9b5c8f69b8e8820ebb10c3e8fc72a4d058120b207271c,android,1,,Money deducted from bank but investment not done. Transaction shows failed status.,2026-02-26,5.38.0,en,8
6ad117f68c894b42658dfebaf09643aa9a2cabe4d7d8a98a7530780a0beda0aa,ios,1,,Transaction stuck in processing state for 48 hours. No update no resolution given.,2026-02-26,5.38.0,en,8
3a01b5b247b6387ed108a007a778f5209509887e28a99ee5a5e454ff54c54a6e,android,1,,Money deducted from bank but investment not done. Transaction shows failed status.,2026-02-26,5.38.0,en,8
1343276451d0abf97ea6bfc754c2021d7a2067a33f454beb31c43efb525a5e49,android,1,,Withdrawal pending for 5 days. Urgently need money but no response from support.,2026-02-26,5.38.0,en,8
154fe3f3a6e2f6c221840eb4cb0a345f7b9a55bdb7e4359b257aa00dda6a2d0b,android,1,,Raised ticket 7 days ago. No response received. Very poor customer service.,2026-02-26,5.38.0,en,8
719fb20b53809f86837f6a5c845e6ba86f50aa48e969ad09ddc38ffa03c901c6,ios,1,,SIP amount deducted twice this month. Double deduction happened without any reason.,2026-02-26,5.38.0,en,8
b0d89eae9cb13eb8e49c37d9061c158e59209619719eea42e26e8ca786e8c667,ios,1,,Money deducted from bank but investment not done. Transaction shows failed status.,2026-02-26,5.38.0,en,8
9a207b619e55d28c95907b458b1feb2c33325079b32a27a6b66660dee77499fb,ios,1,,Raised ticket 7 days ago. No response received. Very poor customer service.,2026-02-26,5.38.0,en,8
fa778ba1c1219b0510d9a1ddde618187bb93b7476f820a6eec46320a7608832f,android,1,,Money deducted from bank but investment not done. Transaction shows failed status.,2026-02-26,5.38.0,en,8
06e6a960f372991447246f376356b8e9a64cd829ed48da1e906571e92d1931cc,android,1,,Money deducted from bank but investment not done. Transaction shows failed status.,2026-02-26,5.38.0,en,8
8e4ea65d645bb1ac7efae7200c361f0e552be14cc1850e261870ac91e1ba0ae4,ios,1,,Raised ticket 7 days ago. No response received. Very poor customer service.,2026-02-26,5.38.0,en,8
0165549c831fe1d416117082df975fdcb66b38c787ce9e814c3ec610df279763,android,1,,Transaction stuck in processing state for 48 hours. No update no resolution given.,2026-02-26,5.38.0,en,8
e83d643920501d0cc2069d9054de528bf03a36d8d6bfc8babc866fd40ef8811c,ios,1,,Raised ticket 7 days ago. No response received. Very poor customer service.,2026-02-26,5.38.0,en,8
23919d52728f635ee6782d0b0410927bb99e786463a14767760922bac8cd6fbe,android,1,,Withdrawal pending for 5 days. Urgently need money but no response from support.,2026-02-25,5.38.0,en,8
54096ed58a7402854eb42cfc3cd4ea0b4effd94ef19b0760f982bd6b892718ee,ios,1,,SIP amount deducted twice this month. Double deduction happened without any reason.,2026-02-25,5.38.0,en,8
13dfeffaae0218d86ed1ab85a4f727241128f3ede17254aa4505c0aae30b33ea,ios,1,,Money deducted from bank but investment not done. Transaction shows failed status.,2026-02-25,5.38.0,en,8
807a83a08b20d9510ba1ba60180b23d603bff7ec82ee2bd0b9d17a9f4ac94202,android,1,,SIP amount deducted twice this month. Double deduction happened without any reason.,2026-02-25,5.38.0,en,8
2bcde227196923450c0f51f57acff1fc1cec717f75c67b8287ea8cc84d664461,android,1,,SIP amount deducted twice this month. Double deduction happened without any reason.,2026-02-25,5.38.0,en,8
2150f9337e5815e2e2f1f6dde729efc513d2ddf6e7ddbb3c09b82c079e95335e,android,1,,Money deducted from bank but investment not done. Transaction shows failed status.,2026-02-25,5.38.0,en,8
9220f62c0ded91a7da4eca43da07ea7eb5eace2fcc47b845832604ab85fe0173,android,1,,Withdrawal pending for 5 days. Urgently need money but no response from support.,2026-02-25,5.38.0,en,8
973ea90925eb13c67054f8026e00701754234bc36ff42bda9bd2dcae3982d6b9,ios,1,,SIP amount deducted twice this month. Double deduction happened without any reason.,2026-02-25,5.38.0,en,8
500d5eb9797004128b52d7025d7deed16e3ff9e4418d53415da125ddb3ea6aea,android,1,,SIP amount deducted twice this month. Double deduction happened without any reason.,2026-02-25,5.38.0,en,8
2b55911bc50dca4028d865eed8ce1094922618353bf4aa63d77b28a3adc72572,android,1,,Transaction stuck in processing state for 48 hours. No update no resolution given.,2026-02-25,5.38.0,en,8
7b5010fff73e032e5a2160502e2ed5be3884d84581766dadfebb46277a766b10,ios,1,,Withdrawal pending for 5 days. Urgently need money but no response from support.,2026-02-25,5.38.0,en,8
8632003cec2798859230a46398abcb31c70307d08086af1ce503ca9e444667e6,ios,1,,SIP amount deducted twice this month. Double deduction happened without any reason.,2026-02-25,5.38.0,en,8
e9a4b2ea462e754a6f0cd7ffc671b69082dfbb2e0a513b281b0f54940236a60b,android,1,,Withdrawal pending for 5 days. Urgently need money but no response from support.,2026-02-25,5.38.0,en,8
0140df28ff6ffaecc7d5b3bf06781eea913ce14d79bb56d0515596658b1dfad1,android,1,,Money deducted from bank but investment not done. Transaction shows failed status.,2026-02-25,5.38.0,en,8
b8dafc0038dca68165c34681a379743e1e44fd4aef94dc79ec80907fa4d8d4c6,ios,1,,Money deducted from bank but investment not done. Transaction shows failed status.,2026-02-25,5.38.0,en,8
c2084379f8aaea92a416abe69f4862c7142d179afa2298e3c5db5dc86f01c8be,ios,1,,Raised ticket 7 days ago. No response received. Very poor customer service.,2026-02-25,5.38.0,en,8
f420a730c938c5397f7d6b27abdc56f98b3c8aa7c4041a5a1d4f4b0781309a69,ios,1,,Money deducted from bank but investment not done. Transaction shows failed status.,2026-02-25,5.38.0,en,8
f966648adac980870d7c95c33d70bb8fd1c11b194ff5b503d6d6fa697e9c8940,ios,1,,Withdrawal pending for 5 days. Urgently need money but no response from support.,2026-02-25,5.38.0,en,8
d15d461948a80bedd0b17611cb8dd7220f6b2f12bb72c357411c9fbb0a8c752f,ios,1,,Raised ticket 7 days ago. No response received. Very poor customer service.,2026-02-25,5.38.0,en,8
e2ca774e4321afa3413a72d1a4ee029a3601da2251d0770b6dab4978c2bfcaca,android,1,,Withdrawal pending for 5 days. Urgently need money but no response from support.,2026-02-25,5.38.0,en,8
e167754fb656845eca065224ea87f3288ecc7e46033477c31421fe7b8cb73e55,android,1,,Money deducted from bank but investment not done. Transaction shows failed status.,2026-02-25,5.38.0,en,8
e46a640818e35b19abb2a73014001eef86410a1328d3c25e136b205efcd75975,ios,1,,Withdrawal pending for 5 days. Urgently need money but no response from support.,2026-02-25,5.38.0,en,8
9138394610ed33317f497ae361b2ad135185a7d3013e000a689c58180d52ff34,ios,1,,Money deducted from bank but investment not done. Transaction shows failed status.,2026-02-25,5.38.0,en,8
2aec8daf77db16d183fef588ea97fa12befc06ab30d5c04c06cb2545d2410382,ios,1,,Transaction stuck in processing state for 48 hours. No update no resolution given.,2026-02-25,5.38.0,en,8
e5b3e186325ec79e109c58ab5740d7acb7cf7f27f0cb4c90c4a98f944551ff44,android,1,,Transaction stuck in processing state for 48 hours. No update no resolution given.,2026-02-25,5.38.0,en,8
ecb900ad65b5993a55aecef1e09d491567960d8a16ce7c3576cef19e3430e06c,android,1,,Money deducted from bank but investment not done. Transaction shows failed status.,2026-02-25,5.38.0,en,8
0b161a878fbdd0b78be0b866e3b8b1bbadfc325332c386b39484718a9e71a905,android,1,,Money deducted from bank but investment not done. Transaction shows failed status.,2026-02-24,5.38.0,en,8
5220839c9e2ecd3ada96cb404d82218b7e45d4fb811f575e5e2c854cd68cb7d4,android,1,,Money deducted from bank but investment not done. Transaction shows failed status.,2026-02-24,5.38.0,en,8
bc03e4b42d388e7e36230cb54c9edfb45bcd8f71b94e47118e9e94d1377b01e6,android,1,,SIP amount deducted twice this month. Double deduction happened without any reason.,2026-02-24,5.38.0,en,8
30b5a3669ea1458a073a0912e2dc4be617198fd9df699740743da8ba60034c03,android,1,,Money deducted from bank but investment not done. Transaction shows failed status.,2026-02-24,5.38.0,en,8
31510ae76890ad3fec7ce4a499add5d5ad63cec0fa194707ba2fec20f33b0924,ios,1,,Transaction stuck in processing state for 48 hours. No update no resolution given.,2026-02-24,5.38.0,en,8
b49bc13728ade4ede59090db3c0e82d516500962887ddd88ccf866159bedec9e,android,1,,Withdrawal pending for 5 days. Urgently need money but no response from support.,2026-02-24,5.38.0,en,8
7a02dc4de6e27f236685955b0226e01eb7532ae3b5b53bafcbbb1e260a32a3af,android,1,,Withdrawal pending for 5 days. Urgently need money but no response from support.,2026-02-24,5.38.0,en,8
2624be14bd5737fab70402c70dcef800f5d62c8ba0125ab2685eda33af198f73,ios,1,,SIP amount deducted twice this month. Double deduction happened without any reason.,2026-02-24,5.38.0,en,8
7d7ad431f36976134d6a90fc59acc278e112cbc94f4e8c63003242aead09d661,ios,1,,Withdrawal pending for 5 days. Urgently need money but no response from support.,2026-02-24,5.38.0,en,8
bd9d0ccdf4030b1b132280bd4d8d72c11f87b4e88ebbde0b269b210de6db0d34,android,1,,Withdrawal pending for 5 days. Urgently need money but no response from support.,2026-02-24,5.38.0,en,8
a235c9393b7b4a8765a8830123605646404a81686f4e4d7f983d06ff16bfd861,android,1,,Transaction stuck in processing state for 48 hours. No update no resolution given.,2026-02-24,5.38.0,en,8
dae15ff0a40f9450bf607652bb3756817b2d1648fd228e4f581d233eff9cad17,android,1,,Transaction stuck in processing state for 48 hours. No update no resolution given.,2026-02-24,5.38.0,en,8
bd8890d721fd8c32d358c03025cf523a7197bd1b9a1d5235e9957755595a39c1,ios,1,,Raised ticket 7 days ago. No response received. Very poor customer service.,2026-02-24,5.38.0,en,8
17e7f166be4c85e7089aef4a812fa960244c8b512dff3c7158272079260aac73,ios,1,,SIP amount deducted twice this month. Double deduction happened without any reason.,2026-02-24,5.38.0,en,8
fcbd25a455e122296026ab06dbd01d6405ca152efc8b9db9a397861cb760b2a2,android,1,,SIP amount deducted twice this month. Double deduction happened without any reason.,2026-02-24,5.38.0,en,8
628314515f3e3f22243b23fb9f7a8a60f526b1fa890f1ac50380dfdf1ee02466,android,1,,Money deducted from bank but investment not done. Transaction shows failed status.,2026-02-24,5.38.0,en,8
82cc310f7fbf326139cca79aebf29ec2f3ea19f81612d1772f13461112fa0335,android,1,,Raised ticket 7 days ago. No response received. Very poor customer service.,2026-02-24,5.38.0,en,8
f5503e802d375312c8a08fe4264af3ca7360734634c100f23437e59a2edf2e57,android,1,,Transaction stuck in processing state for 48 hours. No update no resolution given.,2026-02-24,5.38.0,en,8
a924430e72250c2907220b0869f1ab204b600f412accdcf618110248d5cb5535,android,1,,Transaction stuck in processing state for 48 hours. No update no resolution given.,2026-02-23,5.38.0,en,8
f36c31501488ceada6a9fd4531017cb3a20339cce35001fb12f4a39f323befcb,ios,1,,SIP amount deducted twice this month. Double deduction happened without any reason.,2026-02-23,5.38.0,en,8
9fa6d495eeae7b51c1184a294f380b0bae7aba0f248ba80be870e7313a96bf2d,ios,1,,Withdrawal pending for 5 days. Urgently need money but no response from support.,2026-02-23,5.38.0,en,8
f2727989bccf09d9050e35d1c43c2abea9c7ef1e71b864d0300a7977763d4397,ios,1,,SIP amount deducted twice this month. Double deduction happened without any reason.,2026-02-23,5.38.0,en,8
f09799d97751ee7d0d472d22c6653a65612db31de50a7a1de66f5eaabf2b5225,android,1,,Money deducted from bank but investment not done. Transaction shows failed status.,2026-02-23,5.38.0,en,8
0f79fc47958871bb85cb1588ae65277e40ddef45372e009b87a257d00f228a37,ios,1,,Transaction stuck in processing state for 48 hours. No update no resolution given.,2026-02-23,5.38.0,en,8
ae54f31ae6778580a0fae4f48747120839240685d734ae3dc408b8ff15d687c7,ios,1,,Money deducted from bank but investment not done. Transaction shows failed status.,2026-02-23,5.38.0,en,8
6646739c913cf79d6b984738e128b3fd07eda6dd2cbb7fed0ad2c64bbc531e9b,ios,1,,Withdrawal pending for 5 days. Urgently need money but no response from support.,2026-02-23,5.38.0,en,8
51c77cbf38c768569f5f7d456d1fc796f8f8cf8ded4ed335e96bdc2ff195b020,android,1,,Withdrawal pending for 5 days. Urgently need money but no response from support.,2026-02-23,5.38.0,en,8
c34a85184de9c4fadace786eb119610a2e3c25c1490d8c5f02ecc939b36774c6,android,1,,Transaction stuck in processing state for 48 hours. No update no resolution given.,2026-02-23,5.38.0,en,8
aaac8c031bde93aba8432470b5dd1be69ea6d5e60a66d51aebd993717c08e59f,ios,1,,Transaction stuck in processing state for 48 hours. No update no resolution given.,2026-02-23,5.38.0,en,8
5c7cdc4d2d91ba3930a9f223f77b8d3eba7cea947f21ba0fde15295fdc4fbb95,ios,1,,Withdrawal pending for 5 days. Urgently need money but no response from support.,2026-02-23,5.38.0,en,8
5243c3a80b9927b4ed923cc20543420c3006356d6d3e9827ac415543c13c7d05,android,1,,Money deducted from bank but investment not done. Transaction shows failed status.,2026-02-23,5.38.0,en,8
d3448cc0aa4885bf0fb8d16ff603a87541ea33d84b4bd04eeb02be068a33c278,android,1,,Transaction stuck in processing state for 48 hours. No update no resolution given.,2026-02-23,5.38.0,en,8
ae3a91cdb405560bbd0621b6e9b6a5e4e26b9f7b32f646a2ff24b28f2f08f1ed,ios,1,,SIP amount deducted twice this month. Double deduction happened without any reason.,2026-02-23,5.38.0,en,8
8fc181927bfbd22825d2543a80d96b8990af553128996d762ea3ef04bed280d8,android,1,,Transaction stuck in processing state for 48 hours. No update no resolution given.,2026-02-23,5.38.0,en,8
31c506e9b99e35ed7bfdbeee6e5c059285815e84f851f90f570b4c447ad08f84,ios,1,,Raised ticket 7 days ago. No response received. Very poor customer service.,2026-02-23,5.38.0,en,8
1220b9f99e62f09ca0e82daa46d38b3d93c9592f914aab434a75371048755218,android,1,,Transaction stuck in processing state for 48 hours. No update no resolution given.,2026-02-23,5.38.0,en,8
9ca1ec20dbe6cbe082133adb663934ed9dd7cb6a284706015808b90846f830ec,ios,1,,SIP amount deducted twice this month. Double deduction happened without any reason.,2026-02-23,5.38.0,en,8
9a3925b68cd8597e27a7ab28b05809e6e922909c7b2ba83645a0dc8ec146216e,android,1,,Transaction stuck in processing state for 48 hours. No update no resolution given.,2026-02-23,5.38.0,en,8
ffcec96e986b21b4ccb0b1e295d5c0f1fce077509ca09faf06ee2cf8bfa07666,android,1,,SIP amount deducted twice this month. Double deduction happened without any reason.,2026-02-23,5.38.0,en,8
bfcf59beda708edc20e778a7764ef2cac598662e76eb1162ebd3d41d12f4f5b6,android,1,,Withdrawal pending for 5 days. Urgently need money but no response from support.,2026-02-23,5.38.0,en,8
bd2d58f7c6d2a94db47bb1f8e55c683a5ba51d09785896f6cca2dfe58478f7b3,ios,1,,Money deducted from bank but investment not done. Transaction shows failed status.,2026-02-23,5.38.0,en,8
5ba9a4d2f32a4bcdecbaca5e94919c3090216b2ab117187c90878cacfaae147c,ios,1,,Withdrawal pending for 5 days. Urgently need money but no response from support.,2026-02-23,5.38.0,en,8
28fe8e48c4511f8d16267093f6d9ed61602c942f9bdc552072db6d40a57c8622,android,1,,SIP amount deducted twice this month. Double deduction happened without any reason.,2026-02-23,5.38.0,en,8
f3cdc5bba5ab290d5b79d5ee68e55bb35f83c17171be77fcb13429aa6cdbebe0,android,1,,Withdrawal pending for 5 days. Urgently need money but no response from support.,2026-02-22,5.37.0,en,7
53311295a03eeda7f2bb99d2dcd5a860f6630359093752bb013aa64aa470ecdb,ios,1,,Transaction stuck in processing state for 48 hours. No update no resolution given.,2026-02-22,5.37.0,en,7
0fcc7837da88db29ddda9e2b00b5b3480e26f53843e76cab2d37d863850a42fe,ios,1,,SIP amount deducted twice this month. Double deduction happened without any reason.,2026-02-22,5.37.0,en,7
d89499f7013a45edc4f10605644a2bacd30976331e3a56bec8d6a158cfc46250,ios,1,,SIP amount deducted twice this month. Double deduction happened without any reason.,2026-02-22,5.37.0,en,7
05af14abb84deaa739c59a08984378d31a5eb8e975f3f6ef98f54752869f9236,ios,1,,SIP amount deducted twice this month. Double deduction happened without any reason.,2026-02-22,5.37.0,en,7
cffcadf94cbaa0b39cc64544749af4475fe53037c40806d5f880b0e67971af22,ios,1,,Withdrawal pending for 5 days. Urgently need money but no response from support.,2026-02-22,5.37.0,en,7
f37999a96cdd4e9687759c94cf94af0b923d9388b08e98462fc9a641e06335a6,ios,1,,Money deducted from bank but investment not done. Transaction shows failed status.,2026-02-22,5.37.0,en,7
1809991332f96fe104000d0eca7136e19a0a76520af9326c85b1cc076aca6f8c,ios,1,,Withdrawal pending for 5 days. Urgently need money but no response from support.,2026-02-22,5.37.0,en,7
41ead4e75e5fd35700a0708ee6b7daa90755e47f3bed81f2f2fd8025f0f3904e,android,1,,Transaction stuck in processing state for 48 hours. No update no resolution given.,2026-02-22,5.37.0,en,7
caa1892a0954da243a9f5b5d3ac1a9bd83b4393b150f971065da65e5bbefe639,android,1,,Raised ticket 7 days ago. No response received. Very poor customer service.,2026-02-22,5.37.0,en,7
1c7da9841a82c9f14b5c758c3c0a21ca77300378cf9d81b69b004b970fff4a92,android,1,,Withdrawal pending for 5 days. Urgently need money but no response from support.,2026-02-22,5.37.0,en,7
a6090bfd5f496f6c80bcb24884874488871629484934af86f7437153af737165,android,1,,Raised ticket 7 days ago. No response received. Very poor customer service.,2026-02-22,5.37.0,en,7
8a8f98da5cbec449a484c189319aff81d26af5514cddff30a59c816d56f8624b,ios,1,,Raised ticket 7 days ago. No response received. Very poor customer service.,2026-02-22,5.37.0,en,7
de13b147c7bc04b172b210a269f1a1f3fa837713d792f98fa0602434fc83cb64,android,1,,SIP amount deducted twice this month. Double deduction happened without any reason.,2026-02-21,5.37.0,en,7
bde89281efb7d260f8cd1f81de7dee527f37edb4ce01a855ece48c0950a29c7f,android,1,,SIP amount deducted twice this month. Double deduction happened without any reason.,2026-02-21,5.37.0,en,7
3c2489795afcc4d181d2de5ad8d71b3e16d8895fd4a6680671a6ea4405dfcb6e,ios,1,,Money deducted from bank but investment not done. Transaction shows failed status.,2026-02-21,5.37.0,en,7
ac610427112e3de46c1dc66896279078433be6e0d041e2686d4b5442ce1354d9,ios,1,,SIP amount deducted twice this month. Double deduction happened without any reason.,2026-02-21,5.37.0,en,7
7aa9ad5147c52c3f90233da3cb64a2a8022bce3a929b39a9cb489fdbc2e1b3a9,android,1,,Withdrawal pending for 5 days. Urgently need money but no response from support.,2026-02-21,5.37.0,en,7
b6ba044dcd530be4e4076ac421c8dd181566e2fe49c7053f47180b5bdb70f484,android,1,,SIP amount deducted twice this month. Double deduction happened without any reason.,2026-02-21,5.37.0,en,7
82388d3d66f869a51c2695af015c297227e2e9b3c169bd77c28336ad412be529,ios,1,,Transaction stuck in processing state for 48 hours. No update no resolution given.,2026-02-20,5.37.0,en,7
a7f2af6ee8ce1d4eb02c45f463cc0cf9cb9ef6eaf1a2b76c3b06b9c8bf5672f9,android,1,,SIP amount deducted twice this month. Double deduction happened without any reason.,2026-02-20,5.37.0,en,7
55ce4efcae3d471935e493ce738b0d8d771845257b7490e2c7c2dde5d9be2ad2,ios,1,,Money deducted from bank but investment not done. Transaction shows failed status.,2026-02-20,5.37.0,en,7
dbe63c7a1a1fbeb76ab53b26dddcb738d6a7068414cac514c16e977bcb9e6a2b,ios,1,,Money deducted from bank but investment not done. Transaction shows failed status.,2026-02-20,5.37.0,en,7
971a3c17cd61a35473bd8ce09f281a3573e0f4ae976fdba9fcdf1423d7a5e9d5,android,1,,Raised ticket 7 days ago. No response received. Very poor customer service.,2026-02-20,5.37.0,en,7
9d776bc351e9d992d2bec67131764a77b04f68135eddf3c9e2b9dd7a10c5e629,android,1,,Withdrawal pending for 5 days. Urgently need money but no response from support.,2026-02-20,5.37.0,en,7
70d60a0dcd28300997e83adc98987f3ed85f563654fa9c980f5057a7d91e95e2,android,1,,Transaction stuck in processing state for 48 hours. No update no resolution given.,2026-02-20,5.37.0,en,7
ff646ef57f10e70b289fd2c139bc740aba30b9f38345b0a6f66f59c6dcd16b5b,android,1,,SIP amount deducted twice this month. Double deduction happened without any reason.,2026-02-20,5.37.0,en,7
71a6df3ba50d445cccc0e8269791dce3f42df52ec06f05176252e52c53424d0b,ios,1,,SIP amount deducted twice this month. Double deduction happened without any reason.,2026-02-20,5.37.0,en,7
02edd0cd4e2d02300be9168ea9b396ba74b389d5fbd7ed1020cf76dc56f7dea5,ios,1,,Transaction stuck in processing state for 48 hours. No update no resolution given.,2026-02-19,5.37.0,en,7
5e6f885264985cca8e8fd44f765819d391426ffd6475fa14406a4477c4c99182,ios,1,,Transaction stuck in processing state for 48 hours. No update no resolution given.,2026-02-19,5.37.0,en,7
72dc662f49858f52620bb8d6fd9f2f63850c20e00cb489c671a90bfbcc3823ab,ios,1,,Money deducted from bank but investment not done. Transaction shows failed status.,2026-02-19,5.37.0,en,7
c4b1afa08e810a04096d3914d585127b5a7903fcd3ce5cbad79e363d74335fbe,android,1,,Money deducted from bank but investment not done. Transaction shows failed status.,2026-02-19,5.37.0,en,7
ac9cfe7a7648f6ebe8f985ebe8fddb9b00c51bb20abb854ed382a404341c39fd,ios,1,,Transaction stuck in processing state for 48 hours. No update no resolution given.,2026-02-19,5.37.0,en,7
ccb567850aecf6602b1e973bbda536c018462a0181b09c25abf2ceb5bf93473f,ios,1,,Transaction stuck in processing state for 48 hours. No update no resolution given.,2026-02-19,5.37.0,en,7
27db736c5fd9afff67dc1d4e370c8036a4d3000008e137be224cbcb9a2ae85a1,android,1,,Money deducted from bank but investment not done. Transaction shows failed status.,2026-02-19,5.37.0,en,7
c23c5e1f4f2df09b895f5d74f8ae2b6fe36c55fadbda4eedf9e8d5b786a4f94c,android,1,,SIP amount deducted twice this month. Double deduction happened without any reason.,2026-02-19,5.37.0,en,7
b7a28c29ee23b58e1c2d42c7e68c43d542b5b23e5553bd8b4f180afe8cf39331,android,1,,Withdrawal pending for 5 days. Urgently need money but no response from support.,2026-02-18,5.37.0,en,7
5b1f54a88c56256acb8addbc32a95788e8b57f94aba7b99e276d851ca5ed1b57,ios,1,,SIP amount deducted twice this month. Double deduction happened without any reason.,2026-02-18,5.37.0,en,7
ea11bdd6819ad167508dc37d115985415454a08b8c0a37895c05c1a67388ccb1,android,1,,SIP amount deducted twice this month. Double deduction happened without any reason.,2026-02-18,5.37.0,en,7
1b68768f69544907bb62b2630e59c01613c7d26b0cc15d947e7a5e6e682ec093,android,1,,Money deducted from bank but investment not done. Transaction shows failed status.,2026-02-18,5.37.0,en,7
8b7a974e88457fd0d1012500bc66d25305eb291ebe31d04bbbfb9b2cf1c826dc,ios,1,,SIP amount deducted twice this month. Double deduction happened without any reason.,2026-02-18,5.37.0,en,7
86dd67c51dd0213dabf0c1cf02d78b990facf5378513f440e0300f56ab411a5e,android,1,,Withdrawal pending for 5 days. Urgently need money but no response from support.,2026-02-18,5.37.0,en,7
9c42ad0e0fb6325cb93cbb2c14ad8657d45238be1b25c3bd23f104861cf997cc,android,1,,SIP amount deducted twice this month. Double deduction happened without any reason.,2026-02-17,5.37.0,en,7
c429dd3bd616de140e53cf26b267ea23e4f0598a581e9c71b73c37c2ff290bc2,ios,1,,SIP amount deducted twice this month. Double deduction happened without any reason.,2026-02-17,5.37.0,en,7
d654b6196818e5e1633a2b6ebd53a4ed8b13025aff6928628b96a11cf7745e4d,android,1,,Money deducted from bank but investment not done. Transaction shows failed status.,2026-02-17,5.37.0,en,7
f215722995d82f92a38e240e5bd82e73a8c7dbcdf0dd837052165a8ba5f76579,android,1,,Transaction stuck in processing state for 48 hours. No update no resolution given.,2026-02-17,5.37.0,en,7
35ccb59d0102a48487eac5a7e2e81526053aeefb3bc6a8978bc62da139cb2f50,android,1,,Withdrawal pending for 5 days. Urgently need money but no response from support.,2026-02-17,5.37.0,en,7
3bc3080fd03f5cf8db6fc552054cb788055b31e5ebb862df7255792551814a18,android,1,,SIP amount deducted twice this month. Double deduction happened without any reason.,2026-02-17,5.37.0,en,7
93c36c52746c0cde3be762d902d204ee9b5eefaa9d662564f1522feba2e3b6d5,android,1,,SIP amount deducted twice this month. Double deduction happened without any reason.,2026-02-17,5.37.0,en,7
bc0829d69d33932d93dd6938dd4bfabc4fbe339214d1dd6d619093018f594b7f,ios,1,,Transaction stuck in processing state for 48 hours. No update no resolution given.,2026-02-17,5.37.0,en,7
3859930606135b85b7a546ce76ccb2b6ffc8533825457d26383e9bd073de272b,ios,1,,Transaction stuck in processing state for 48 hours. No update no resolution given.,2026-02-17,5.37.0,en,7
81d64e94aa423b6cf79fb4f0bd80bd857d1738e4b9223507368e49dd5747544d,ios,1,,Raised ticket 7 days ago. No response received. Very poor customer service.,2026-02-17,5.37.0,en,7
023fe9371ed203ee0f312d0cf479c66d87cfa810073e4f9ef43ddec11bf1491a,ios,1,,Raised ticket 7 days ago. No response received. Very poor customer service.,2026-02-17,5.37.0,en,7
42124e9e3af29a06b1eb2ba84ba0352d86ba7712ee095d445fa2b96a24349823,ios,1,,Raised ticket 7 days ago. No response received. Very poor customer service.,2026-02-17,5.37.0,en,7
3e5c96406f670fdacc77b23bbb85d126002d609a13cbcb9b16cf2c1ae6f14bd1,ios,1,,Transaction stuck in processing state for 48 hours. No update no resolution given.,2026-02-16,5.37.0,en,7
be3f2ac887871339aa04710ba3224217d92a16bdf8c43218ccd0981ecbc4f4f9,ios,1,,Withdrawal pending for 5 days. Urgently need money but no response from support.,2026-02-16,5.37.0,en,7
9916ac9a8641483216ece4bb827e0d29ddbc8632be81735e36ba7eb1cdfe63d2,android,1,,SIP amount deducted twice this month. Double deduction happened without any reason.,2026-02-16,5.37.0,en,7
24a7e7c5520dd3ef8cf98c6e5abc3c24fd83a1b2fbe4f58e9802a962e4ec7bf2,android,1,,Transaction stuck in processing state for 48 hours. No update no resolution given.,2026-02-16,5.37.0,en,7
91c8257e5262587c6a5cc6567925ad8665cf9ac76ca94cdd5531fd38e2f90d38,android,1,,Withdrawal pending for 5 days. Urgently need money but no response from support.,2026-02-16,5.37.0,en,7
cf210812d933096614119c5a2479cebe5e85e342212e06534166a227e505e2b6,ios,1,,SIP amount deducted twice this month. Double deduction happened without any reason.,2026-02-16,5.37.0,en,7
49cad4ac7a6e39e16d6e5ff417b4b7e78d41aca8d5b5807b149e9a24e93f85fc,ios,1,,SIP amount deducted twice this month. Double deduction happened without any reason.,2026-02-16,5.37.0,en,7
79948467ef8ffce9bb1ff23a9ee6603bdea5c426f1d2df128715da4cf64d142d,android,1,,Money deducted from bank but investment not done. Transaction shows failed status.,2026-02-16,5.37.0,en,7
e03b2f55483bed61b89ed1be06dba27e7ba8b9b99894f9f3a2adee8f3df887cb,ios,1,,SIP amount deducted twice this month. Double deduction happened without any reason.,2026-02-16,5.37.0,en,7
846952e4195d73eb785cd519153df9d2d84212b33fe556d4ef5c74e8b30497f3,ios,1,,Withdrawal pending for 5 days. Urgently need money but no response from support.,2026-02-16,5.37.0,en,7
2a7b9055932aae958476786b69dbf2a861bf874cf8198100943d93055f7a5945,ios,1,,Transaction stuck in processing state for 48 hours. No update no resolution given.,2026-02-15,5.36.0,en,6
e1535db510ea2179a8c6acec3af7747e345e84cad26e4b936416298457d1d26f,ios,1,,SIP amount deducted twice this month. Double deduction happened without any reason.,2026-02-15,5.36.0,en,6
0cc08ae4bb1045b1ba901b67009e6c9954b16dbc8a5461dcfc5da2d2535bdc9c,ios,1,,Withdrawal pending for 5 days. Urgently need money but no response from support.,2026-02-15,5.36.0,en,6
9dc2488b6cc67d922154efd0299bb08f302a70d250a6a2ca9b30fb237a561ea0,ios,1,,Withdrawal pending for 5 days. Urgently need money but no response from support.,2026-02-15,5.36.0,en,6
413be82a8b21475e8ff1caf73a710a990cf5f45f9aaa467800c7c10d76569965,ios,1,,Money deducted from bank but investment not done. Transaction shows failed status.,2026-02-14,5.36.0,en,6
c47277e579960472ea5b6ff5f26da6c0f58f664a9638557a806df5da16c87adf,ios,1,,Withdrawal pending for 5 days. Urgently need money but no response from support.,2026-02-14,5.36.0,en,6
173e66632a6a6e52955c064e9dec27ccf9cd96c779e4397665e60c1501e67810,android,1,,Money deducted from bank but investment not done. Transaction shows failed status.,2026-02-14,5.36.0,en,6
adf58451c8893f2e2e02c644ddefad3eef70aa1385c2533a3f3b60aa3aca019f,ios,1,,SIP amount deducted twice this month. Double deduction happened without any reason.,2026-02-14,5.36.0,en,6
7e901786db05302dd506db14276f9be0cf8a0cf0489d7f4225f1eed218a7b41d,ios,1,,Raised ticket 7 days ago. No response received. Very poor customer service.,2026-02-13,5.36.0,en,6
0e9fb500bab1f11d055f8d25f11f970d271442d17ebf5e69941ff4ef55d667ce,ios,1,,Money deducted from bank but investment not done. Transaction shows failed status.,2026-02-13,5.36.0,en,6
0c82b80ab91e389a6b61555adeba2c4b80733de74535091e6641e28627341fee,android,1,,Money deducted from bank but investment not done. Transaction shows failed status.,2026-02-13,5.36.0,en,6
37654023317d58d873d30854130d1d1ae62e2aac7a87f6bb102ec8cf858bc756,android,1,,Money deducted from bank but investment not done. Transaction shows failed status.,2026-02-13,5.36.0,en,6
8182f0ddac6a3792cb56cca68ed447bce488e8f0e4aa2fa379364ddd4d04214a,android,1,,Raised ticket 7 days ago. No response received. Very poor customer service.,2026-02-13,5.36.0,en,6
13a4a120351f4d3e397e61e3f72f7b38093daf7152734c06a39b5dba297b55ce,ios,1,,SIP amount deducted twice this month. Double deduction happened without any reason.,2026-02-13,5.36.0,en,6
6ee776aee7d6e0f0a0043ec395e5747bbc6edc062eddf1ca453896739c11fd05,android,1,,Withdrawal pending for 5 days. Urgently need money but no response from support.,2026-02-13,5.36.0,en,6
1ab81ce6049629ecef27add8ff10d7482b77d9af6e282e3485f4e268bbe28de6,ios,1,,SIP amount deducted twice this month. Double deduction happened without any reason.,2026-02-12,5.36.0,en,6
b7d81d8528063070995ccd72c052cbc93241b18a3088d5de0c9d20a61cef0a2e,android,1,,Withdrawal pending for 5 days. Urgently need money but no response from support.,2026-02-12,5.36.0,en,6
07ccf2e5cfdc4f8e995f011e1fb98453ffdbd10f275fed4c4e4c53d65c6c92c5,android,1,,Withdrawal pending for 5 days. Urgently need money but no response from support.,2026-02-12,5.36.0,en,6
566ad29a4d6b9f8d61efaa86696d11f3903dfbf80dc6f4816f98dfa7bd46f84d,ios,1,,Transaction stuck in processing state for 48 hours. No update no resolution given.,2026-02-12,5.36.0,en,6
1f9fe3fdf6159767545682e24699b3ef60d034d2067d61e69fe1cc7b503fe6ad,android,1,,Raised ticket 7 days ago. No response received. Very poor customer service.,2026-02-12,5.36.0,en,6
782bfa30515341514f4d83e5b86ae2c134397f79e546fd94725ba882d872f5f2,android,1,,Money deducted from bank but investment not done. Transaction shows failed status.,2026-02-12,5.36.0,en,6
25245eeef2d9545951acbb7d403e437e8e115fe659eff7fc9dfdfe3fa325f4f9,ios,1,,Transaction stuck in processing state for 48 hours. No update no resolution given.,2026-02-12,5.36.0,en,6
a32dc4db615f254a4afe91dcea8e455518b50f45a57e41e73bf489bda2e6791c,ios,1,,Transaction stuck in processing state for 48 hours. No update no resolution given.,2026-02-11,5.36.0,en,6
fcd24b9d116726b459036c7ca3644df95ed1d33f67c5d675ef8000ded4de75a3,ios,1,,Money deducted from bank but investment not done. Transaction shows failed status.,2026-02-11,5.36.0,en,6
d621a4c28f946aa723bf1aa095717a61c985c86b07f8170f40159d4bdcf543e8,ios,1,,Money deducted from bank but investment not done. Transaction shows failed status.,2026-02-11,5.36.0,en,6
a2d9a925262287f690456040823621dc196ebc607fb27d0893d957e80a6ae06e,ios,1,,Transaction stuck in processing state for 48 hours. No update no resolution given.,2026-02-11,5.36.0,en,6
6d599905d833b50bf09ce4c6b8588f9d46f089432390d3a37dc3e31f1b8866f4,android,1,,Raised ticket 7 days ago. No response received. Very poor customer service.,2026-02-11,5.36.0,en,6
fa10149cd631e4c60ea1afb42a448a0fe50c026dbf1219b8a61638a9f45f9ac3,android,1,,Withdrawal pending for 5 days. Urgently need money but no response from support.,2026-02-11,5.36.0,en,6
ef4cf8ea3b7eaaa4cbf90a6f4852c0e562461344f6f2d334b6c2b851e7ef5015,android,1,,Money deducted from bank but investment not done. Transaction shows failed status.,2026-02-11,5.36.0,en,6
494746fef2af751a80e010025ec51dc6c9ce88fa4ac04bc7c5bc015abc8bfe2d,ios,1,,Raised ticket 7 days ago. No response received. Very poor customer service.,2026-02-11,5.36.0,en,6
7b110af749e9607184d8f30eeb59b2a050251def98f0e9b6fc38650099fbe85d,ios,1,,Transaction stuck in processing state for 48 hours. No update no resolution given.,2026-02-11,5.36.0,en,6
3c5e3d3aa4d4d17f948a8466e1e11844bb01552407b6c665d86c467fab3fa09c,ios,1,,Raised ticket 7 days ago. No response received. Very poor customer service.,2026-02-11,5.36.0,en,6
5446839afca51a4d8eaaa95ce75db67c96ab32b4abe4a0aa8abd0ce410d1a7ce,ios,1,,Money deducted from bank but investment not done. Transaction shows failed status.,2026-02-11,5.36.0,en,6
97df9a614e225e24e424d1e4eb9f708a1262bc2cd77951db38d5d0ad636be8d0,android,1,,SIP amount deducted twice this month. Double deduction happened without any reason.,2026-02-11,5.36.0,en,6
a769ffbb5c15b65267f5d327d68ddf9ce7ab0583a6b422d4abde1c476b4dddcd,ios,1,,Money deducted from bank but investment not done. Transaction shows failed status.,2026-02-11,5.36.0,en,6
48fa87d154a2bb632a8e2b48e4fdc925fb220624b33d8b67d82603d03d4b546d,android,1,,Raised ticket 7 days ago. No response received. Very poor customer service.,2026-02-10,5.36.0,en,6
401f3a1bc3d371765070695d94ccfdd25a183d046c328f39e39fb3986088850d,android,1,,Raised ticket 7 days ago. No response received. Very poor customer service.,2026-02-10,5.36.0,en,6
3fa52540970dc985e2f3ed6499cdf4db505e6bb10499f0fa3b42f146d0afb87d,ios,1,,Money deducted from bank but investment not done. Transaction shows failed status.,2026-02-10,5.36.0,en,6
947bc5fd39bb6699d1a7b533a1108b35d5174226a0fb3fba8d5a829a52f9f30f,ios,1,,SIP amount deducted twice this month. Double deduction happened without any reason.,2026-02-10,5.36.0,en,6
08c2e6630753dd505256d7c3152bc430be1012663458dc5b2099ed4f75ba0bc2,ios,1,,SIP amount deducted twice this month. Double deduction happened without any reason.,2026-02-10,5.36.0,en,6
24e8c9804718d5b8bb0ed47355f78313c65baa9872f23321a24c295dc5c025c8,android,1,,Raised ticket 7 days ago. No response received. Very poor customer service.,2026-02-10,5.36.0,en,6
90155af087778b7952ebf7453ce2cb79ed4b010fde9344508c00fda37794b23c,android,1,,Withdrawal pending for 5 days. Urgently need money but no response from support.,2026-02-10,5.36.0,en,6
fb25b03780168be2f68339861aa6e2e4602f50533dea1e429c59ce2431ca1acc,ios,1,,Withdrawal pending for 5 days. Urgently need money but no response from support.,2026-02-10,5.36.0,en,6
a829583f0bc6d75dd4c716449dbbb17cb02b2ea4d720c1060728dcef489cea53,ios,1,,SIP amount deducted twice this month. Double deduction happened without any reason.,2026-02-10,5.36.0,en,6
7bab2028548059e9373b0af8745962578731f4de2145a84a3c790ad2204d4ef1,ios,1,,Withdrawal pending for 5 days. Urgently need money but no response from support.,2026-02-09,5.36.0,en,6
2de9ed98c107bea27a4c1bd83835ec9afade157f4e66e6445e05fbb9c254b37d,android,1,,Withdrawal pending for 5 days. Urgently need money but no response from support.,2026-02-09,5.36.0,en,6
d1d4f6c26ca514449ae714af136f56fe3694b49e2fd8364c3f4f119c9d9d327c,ios,1,,Transaction stuck in processing state for 48 hours. No update no resolution given.,2026-02-09,5.36.0,en,6
38c1aa69db034c476dc54a3e61775fb8cfbb33c9c1e9516911eb8728a67cedcf,ios,1,,Money deducted from bank but investment not done. Transaction shows failed status.,2026-02-09,5.36.0,en,6
e605dafb73077007efa46183dddf9c1363a7223f22bd5f83f17e2272607c73fb,ios,1,,Raised ticket 7 days ago. No response received. Very poor customer service.,2026-02-09,5.36.0,en,6
857f061694fcf9c5a1128859afffabfbd5d1c1578d060b6db619f56fbae347ae,ios,1,,SIP amount deducted twice this month. Double deduction happened without any reason.,2026-02-09,5.36.0,en,6
cf13f9b8fe1f2261b64720a4cbd9b57ab44ef7f46f5b0ac582ec79f923a2fb5b,ios,1,,Raised ticket 7 days ago. No response received. Very poor customer service.,2026-02-09,5.36.0,en,6
0953273f78d5242c7438f0d30c09837129f5d58f15589e0a7f122f60560abfb6,ios,1,,Raised ticket 7 days ago. No response received. Very poor customer service.,2026-02-09,5.36.0,en,6
551f87a79821e9c135ba25318d4e3173810768e5c29b6688854b08ac87f25c00,android,1,,Withdrawal pending for 5 days. Urgently need money but no response from support.,2026-02-09,5.36.0,en,6
fc8e35d24dbd9d93decf0f8ece89c27d951a8dae06e19565184d36d7d050f8d7,ios,1,,SIP amount deducted twice this month. Double deduction happened without any reason.,2026-02-09,5.36.0,en,6
bf19961a07d899eb37bca40d7b9be515700e1864d66b75d51bd8ea04e74300e6,ios,1,,Money deducted from bank but investment not done. Transaction shows failed status.,2026-02-08,5.35.0,en,5
b383b9eec470325633109593658432a8ea4ceef15681ec0a687fda6f4b82a179,ios,1,,Transaction stuck in processing state for 48 hours. No update no resolution given.,2026-02-08,5.35.0,en,5
bb3ba6c1ea59933bfc2356a720babb6dc6b3f6ead16821fd938ced2072e26d6f,ios,1,,SIP amount deducted twice this month. Double deduction happened without any reason.,2026-02-08,5.35.0,en,5
b3ccbce464c767ed4500d60814c82055519d326ffe88f22cadc31769705782da,ios,1,,Money deducted from bank but investment not done. Transaction shows failed status.,2026-02-08,5.35.0,en,5
22ea1d7c5e8a51b9b65424598e1f9df35983c68af7561f0b01c4551dbbc76472,android,1,,SIP amount deducted twice this month. Double deduction happened without any reason.,2026-02-08,5.35.0,en,5
832a493ad5b52670f81fc3d9e45a5a458e9cd5bdd608d03f57ba9a739b030af4,android,1,,SIP amount deducted twice this month. Double deduction happened without any reason.,2026-02-08,5.35.0,en,5
33da455c2447362caa3205bede789612f21693b1e740870838bafb29edc7e28e,android,1,,SIP amount deducted twice this month. Double deduction happened without any reason.,2026-02-08,5.35.0,en,5
957911f25881b41ce80d25392c48f3a44c7031c426b7aa35bd8a1d32236d815a,android,1,,Money deducted from bank but investment not done. Transaction shows failed status.,2026-02-07,5.35.0,en,5
d005268f447501f5a1960a9d3c8f039662a0c8ce3579a2ca4ee6e3ec88eb3fed,ios,1,,SIP amount deducted twice this month. Double deduction happened without any reason.,2026-02-07,5.35.0,en,5
5418acd9406657e41062014802aded881922e7eb1dbbb8d5153ff9959cbbd8dc,android,1,,Money deducted from bank but investment not done. Transaction shows failed status.,2026-02-07,5.35.0,en,5
4637826b83b4a3816dc6f4333878da25fed3921adaddcacbcd59c306e622b8f7,ios,1,,Money deducted from bank but investment not done. Transaction shows failed status.,2026-02-07,5.35.0,en,5
751207cb146f0be57f154a2114d178a9b210c418f0900c802ce888dcdaac45ca,ios,1,,Withdrawal pending for 5 days. Urgently need money but no response from support.,2026-02-07,5.35.0,en,5
337fc3db06bb12a6b6b1181ea8b928a2031fdb63945ada7ea39cf45b143f0e37,android,1,,Raised ticket 7 days ago. No response received. Very poor customer service.,2026-02-07,5.35.0,en,5
255d00bbae3cbdfb72a2dc82e9d7c9b0ed9f49a72a65a90a9f76cf0b2973924e,ios,1,,Money deducted from bank but investment not done. Transaction shows failed status.,2026-02-07,5.35.0,en,5
0d5c11fcbef046e0542dde9f4c33015acff16b466ff7e113c3218f3c98ff075a,ios,1,,Money deducted from bank but investment not done. Transaction shows failed status.,2026-02-07,5.35.0,en,5
a105404b5845a1da1c1948bcfe8c6dba700f58f29ac91ebe79b134d827e28406,android,1,,Withdrawal pending for 5 days. Urgently need money but no response from support.,2026-02-07,5.35.0,en,5
aab615b28149e55213d496ce85673c1139c42096ab58d728caa0e7dc6944242c,android,1,,Raised ticket 7 days ago. No response received. Very poor customer service.,2026-02-06,5.35.0,en,5
84559082d85ee2572a4da5a54d5f3fdef193233b72e4e369a3537d0c7839be0f,ios,1,,Raised ticket 7 days ago. No response received. Very poor customer service.,2026-02-06,5.35.0,en,5
363765294cbc0dc2ca64269e66ef1bff1aaca8765a064f1fcc1a45dd763a4225,android,1,,Money deducted from bank but investment not done. Transaction shows failed status.,2026-02-06,5.35.0,en,5
01419153907e30374ec28e1d742541c6421afa7afccefe3caa37971b2f996068,ios,1,,Money deducted from bank but investment not done. Transaction shows failed status.,2026-02-06,5.35.0,en,5
aaa80f86025fb5896f50e0caa6a24364f302d1f16e45943e6eb0d0442fba5501,ios,1,,Money deducted from bank but investment not done. Transaction shows failed status.,2026-02-06,5.35.0,en,5
53443fcfba880013bb5dfac693dd99c22825861b7e9746206bf1611fe5d3190d,ios,1,,Withdrawal pending for 5 days. Urgently need money but no response from support.,2026-02-06,5.35.0,en,5
3a5bb11220ddb31d6cd93b97ebb07795062f0e41b1190d4e760fb44d545b8d26,android,1,,Withdrawal pending for 5 days. Urgently need money but no response from support.,2026-02-06,5.35.0,en,5
1faec5ac61605586c7a27f3bcca28c0b0a84dbec5e24a83bfbeb371eea41d3ec,ios,1,,SIP amount deducted twice this month. Double deduction happened without any reason.,2026-02-06,5.35.0,en,5
6782c38bdb891f3a0a49e133c7a45cf8ae04572ac06cc74530d6bda408ab4575,android,1,,Raised ticket 7 days ago. No response received. Very poor customer service.,2026-02-06,5.35.0,en,5
134189c0279636d8b6be6d31c11d2679eb7bebc0c6f6eb7c8ea4830dfa34cc42,android,1,,Raised ticket 7 days ago. No response received. Very poor customer service.,2026-02-06,5.35.0,en,5
6baea323e0115b58bfbb8b948e859ccd756b1152b5115fde4ce5c55fcd8e65d9,ios,1,,Withdrawal pending for 5 days. Urgently need money but no response from support.,2026-02-06,5.35.0,en,5
346fe2ed000bff77754ff3044ac6d249bf8fc4bff60f0ca8750806bb8db9368e,android,1,,SIP amount deducted twice this month. Double deduction happened without any reason.,2026-02-05,5.35.0,en,5
420f5d8a398b0d1376d41b2aeee5d6e5d3be318845324128bce4c256af2a7e49,ios,1,,SIP amount deducted twice this month. Double deduction happened without any reason.,2026-02-05,5.35.0,en,5
bf82a7d8c9241264a58c6eea6e22d81801c025772ca6aaeec8ae7c99f0f7453a,android,1,,Raised ticket 7 days ago. No response received. Very poor customer service.,2026-02-05,5.35.0,en,5
fd8eec31d10bc0894643a964b2231417f841f1327049ed5dfe5ffe5525fbba5c,android,1,,Transaction stuck in processing state for 48 hours. No update no resolution given.,2026-02-04,5.35.0,en,5
2e0737124b2f675f6aa75e79dc1b83d6a19ecbb4bc966878ff2d0ead439a868b,ios,1,,Money deducted from bank but investment not done. Transaction shows failed status.,2026-02-04,5.35.0,en,5
e7bf008a57980dd00e8e4ccb6972c19acc10d403f2f00013d5a8b6c250fa7559,ios,1,,Transaction stuck in processing state for 48 hours. No update no resolution given.,2026-02-04,5.35.0,en,5
b68c54d95c6bd2ec144bba54bf5d21fd639ff453d4b3a4463b772c68ee8cdbd8,android,1,,Withdrawal pending for 5 days. Urgently need money but no response from support.,2026-02-04,5.35.0,en,5
25a250913ecd10a1411ae6da6e682dfb5bf7f7c7678920fb3657c60cdfde65eb,ios,1,,Money deducted from bank but investment not done. Transaction shows failed status.,2026-02-04,5.35.0,en,5
50815fc21ecc61871c999b91c3bbd0e3b07e35575a0b2f59cf665d243b84c4b4,ios,1,,Transaction stuck in processing state for 48 hours. No update no resolution given.,2026-02-04,5.35.0,en,5
419ea313b3b76538bf8d2b377f21c316f36d86eff5e4207ee9bbfe9f1dd18ae3,ios,1,,Transaction stuck in processing state for 48 hours. No update no resolution given.,2026-02-03,5.35.0,en,5
3ee0d436228532d285b892ddfa57e0991a7f6a3522ec03abf98af6d77d7f9049,android,1,,SIP amount deducted twice this month. Double deduction happened without any reason.,2026-02-03,5.35.0,en,5
8c9b6dd0d02982db5d1c90daec7292c660868327e54721996e337918b30f352f,android,1,,Withdrawal pending for 5 days. Urgently need money but no response from support.,2026-02-03,5.35.0,en,5
8cf4a0912f1242abd745efec37279daf561670d8215da745307d8b0e4c62bed0,ios,1,,Raised ticket 7 days ago. No response received. Very poor customer service.,2026-02-03,5.35.0,en,5
791e64635d7c3bb2f111637295ab7cc2be91fe9d62c684378b360cb0aa32e10c,ios,1,,Withdrawal pending for 5 days. Urgently need money but no response from support.,2026-02-03,5.35.0,en,5
667f81d5295f72086691470caa60f26f884950724b0ee8e1c394150d53ee8ad5,ios,1,,Raised ticket 7 days ago. No response received. Very poor customer service.,2026-02-03,5.35.0,en,5
38c5f59c88f1f6b26679c1ca1d0581fb1f5edf2cfc28891f931a125c94e41e33,android,1,,Money deducted from bank but investment not done. Transaction shows failed status.,2026-02-03,5.35.0,en,5
cf760bea5ef36bd4eda1212638ddb1cfa6ffefb5ba05b47605e6fb0791857961,ios,1,,Money deducted from bank but investment not done. Transaction shows failed status.,2026-02-03,5.35.0,en,5
889cb4a2107dba5c560730d45c278bd49830acbc0316295b31a1d905395e3a04,android,1,,Money deducted from bank but investment not done. Transaction shows failed status.,2026-02-03,5.35.0,en,5
c538d2d7def7550b9a0eb1a309163119c25b20f04c535e430f5d04b101a06111,android,1,,Withdrawal pending for 5 days. Urgently need money but no response from support.,2026-02-02,5.35.0,en,5
67443b39692d4c99375ced4f778353b1caeccbb69b4240c36ba0ae76a4c1f7a1,android,1,,Money deducted from bank but investment not done. Transaction shows failed status.,2026-02-02,5.35.0,en,5
79521f6d41b570cfcfa65f1ee3b7df2ba8903092d291bf93d4f406e8db9effb7,android,1,,Withdrawal pending for 5 days. Urgently need money but no response from support.,2026-02-02,5.35.0,en,5
d62d2e7c82202bcb62b649fe2ab374edb6dc07526536357e71ecdd0cdf68d68a,android,1,,Raised ticket 7 days ago. No response received. Very poor customer service.,2026-02-02,5.35.0,en,5
79482c678b48df459d099ed69c8267e1e5161e04133b89a6991020c7151fb3e0,ios,1,,Raised ticket 7 days ago. No response received. Very poor customer service.,2026-02-02,5.35.0,en,5
b61c7d1df0749cde7f0a97fd0b5b4e4a21cb2a09ea9b7b26a2abac2259b705c6,android,1,,Raised ticket 7 days ago. No response received. Very poor customer service.,2026-02-02,5.35.0,en,5
af0da2b4d67a016b8c3599aba1d80149e7dbf8dad90c9876f6813f26e40b7d02,android,1,,Transaction stuck in processing state for 48 hours. No update no resolution given.,2026-02-02,5.35.0,en,5
f84f2090975445aabad80271fdbdbc0d85e6da47d56e683215127a0e81085bea,ios,1,,Money deducted from bank but investment not done. Transaction shows failed status.,2026-02-02,5.35.0,en,5
ed5bcf79bbd1d5c5240ab3ad0fac4719d1461f8ef8ebb4dcfe65ad5aea22c99a,android,1,,Transaction stuck in processing state for 48 hours. No update no resolution given.,2026-02-02,5.35.0,en,5
9da2524d7aba00ff7aa1f6216705bab6261613405e50b28bfa4a57431ea7f1d9,ios,1,,Money deducted from bank but investment not done. Transaction shows failed status.,2026-02-02,5.35.0,en,5
01f3cc40c66c8d1c5506791ca5faad60d507ab23294ed639b03f325e4022a4ae,ios,1,,Money deducted from bank but investment not done. Transaction shows failed status.,2026-02-02,5.35.0,en,5
f5eb058400aa7ca142fd9e4b46a79ef125d2ade995fd6cec7a19d341cd3a00aa,android,1,,Transaction stuck in processing state for 48 hours. No update no resolution given.,2026-02-01,5.34.0,en,4
e08df9b611984300a2d4fb0f7fcc5b8c5183a7e319637efbb48cefa46c2daf50,android,1,,SIP amount deducted twice this month. Double deduction happened without any reason.,2026-02-01,5.34.0,en,4
280341cefeca332685ffa742af1aeb5180d7b657c6e9aed6c0283daabc591095,ios,1,,Withdrawal pending for 5 days. Urgently need money but no response from support.,2026-02-01,5.34.0,en,4
97b9cafa59f203e3498db19419b4511255712bdf74ec83192659dfca29d6d001,android,1,,Withdrawal pending for 5 days. Urgently need money but no response from support.,2026-02-01,5.34.0,en,4
d86656174ab0dfc20adc23ee8bdb69e20927174e4ec0f0c23db655fb4e59a06e,android,1,,Withdrawal pending for 5 days. Urgently need money but no response from support.,2026-02-01,5.34.0,en,4
0b5b03d54e189b52443a59ea73f5863e4fbb5318348f70d548055d61d727f863,ios,1,,Withdrawal pending for 5 days. Urgently need money but no response from support.,2026-02-01,5.34.0,en,4
ddf6033e45b8bb226d5bcf1d4c29366f87792d0cb8bb175a42887eca6d551c3e,ios,1,,Withdrawal pending for 5 days. Urgently need money but no response from support.,2026-02-01,5.34.0,en,4
fc66e5c573bceca2f6b093348226b9a0b32c31cc80f44d6fb9f46f92ab0600e5,android,1,,Money deducted from bank but investment not done. Transaction shows failed status.,2026-02-01,5.34.0,en,4
2470dd206c7df77ce37015becfccb39af9289a59f04975964d79b259f2bab6aa,android,1,,Money deducted from bank but investment not done. Transaction shows failed status.,2026-02-01,5.34.0,en,4
54aefba50dc1c2e0813466d611d3d1bf4de232384604fe39e7d4fae5889e24fc,ios,1,,Transaction stuck in processing state for 48 hours. No update no resolution given.,2026-01-31,5.34.0,en,4
150084ed78e98a3468bc465e209aeb1db926184d80b866f903154118f0b497ba,android,1,,Transaction stuck in processing state for 48 hours. No update no resolution given.,2026-01-31,5.34.0,en,4
07cefc31cd29b2f5fa1efee35af542bebecc9a9a3d8acf8afeb2d1a44de3f73d,android,1,,Withdrawal pending for 5 days. Urgently need money but no response from support.,2026-01-31,5.34.0,en,4
e34e838a684f4634d5c8fd906239d182b7a1e1c3632556fae0ceab88fc4a4bb3,android,1,,SIP amount deducted twice this month. Double deduction happened without any reason.,2026-01-31,5.34.0,en,4
1fac3cc383b0dc725ebaf5d64f469c2d3b04d78f486dff276b6c16500ef7882a,ios,1,,Money deducted from bank but investment not done. Transaction shows failed status.,2026-01-31,5.34.0,en,4
50c4367d6df1d5e203fdb6a2c67500b962e96932ef7aa4d37242b6b2f0163203,android,1,,SIP amount deducted twice this month. Double deduction happened without any reason.,2026-01-31,5.34.0,en,4
8e890e431a9a8e41995dd08e00d8296f9fbe14a8d72431fb012dc9d110a1b403,ios,1,,Money deducted from bank but investment not done. Transaction shows failed status.,2026-01-31,5.34.0,en,4
156fdf5b068290a9f7b5c143fd69eafb56ede07e1143daa171e30f7ab02ff10e,ios,1,,SIP amount deducted twice this month. Double deduction happened without any reason.,2026-01-31,5.34.0,en,4
a689140c56dab7f279f6327a9e89dcc9d7c9d129db411d8809c432068b6bd708,ios,1,,Transaction stuck in processing state for 48 hours. No update no resolution given.,2026-01-31,5.34.0,en,4
b09786ecfb5ee1fccdc7abce4c4657ceec622047cc4538ed2b3b2b9071be3019,android,1,,SIP amount deducted twice this month. Double deduction happened without any reason.,2026-01-31,5.34.0,en,4
655ab328d0a069156894723d37fb84684cba8ed1ecd5b6234b3e517d0d3eddef,android,1,,Withdrawal pending for 5 days. Urgently need money but no response from support.,2026-01-31,5.34.0,en,4
b9725a610f53891abace6549de70fc7ca335db41b310d61f6ea83cf20dc888d7,ios,1,,Raised ticket 7 days ago. No response received. Very poor customer service.,2026-01-30,5.34.0,en,4
ea58b4a7c401531a07c0e19f6d287adac5057b6315a75c30b330594590e54207,android,1,,Transaction stuck in processing state for 48 hours. No update no resolution given.,2026-01-30,5.34.0,en,4
e3b785b55dbaefdda18bad021142d85070f529dce2d2fcfe604879f9be62b222,android,1,,Money deducted from bank but investment not done. Transaction shows failed status.,2026-01-30,5.34.0,en,4
1e650784551ad3b48f38eb5b342669679f20d5f871579e0dbfff07e89770978f,android,1,,Raised ticket 7 days ago. No response received. Very poor customer service.,2026-01-30,5.34.0,en,4
d9d690bfcf57e960851ef4707f09ccc5bf24eb77fb738b709fbf10c588d224a0,android,1,,Withdrawal pending for 5 days. Urgently need money but no response from support.,2026-01-30,5.34.0,en,4
4dc555c07776a2bb0be1f5bb0c5c72c289ee43dadb390baf6aa6b60b4513fbda,android,1,,Withdrawal pending for 5 days. Urgently need money but no response from support.,2026-01-30,5.34.0,en,4
c56d735ccda86eb97c1d664206c631ce8132406ce69b182f8022ab18ab9ff23a,ios,1,,Raised ticket 7 days ago. No response received. Very poor customer service.,2026-01-30,5.34.0,en,4
ef42d8bfe9144a92a09687883d72f71afb7331713823c2d074459c2fb823f065,ios,1,,SIP amount deducted twice this month. Double deduction happened without any reason.,2026-01-29,5.34.0,en,4
64c8fc960af95dfb4f5cf309a74d133fc9bd9844f41789bbd203f199a9fe4c3b,ios,1,,Withdrawal pending for 5 days. Urgently need money but no response from support.,2026-01-29,5.34.0,en,4
82ed11ba9e1df3494abe8efe2e5b5aee4f20602e6e2792e42835026d109e8161,ios,1,,Transaction stuck in processing state for 48 hours. No update no resolution given.,2026-01-29,5.34.0,en,4
792da8b43f36b020ddad48ea2c6fccd72d4ee421b605a3b2589cdaae3b2736fd,ios,1,,SIP amount deducted twice this month. Double deduction happened without any reason.,2026-01-29,5.34.0,en,4
8be62f76382be3042c4d6d0120622b048beee1d997cb127715a4bd3c605b5dfc,android,1,,SIP amount deducted twice this month. Double deduction happened without any reason.,2026-01-29,5.34.0,en,4
f90938021ca503a5f64e52cea28a1622c395295eaae78f452b7d10f455ea8205,android,1,,SIP amount deducted twice this month. Double deduction happened without any reason.,2026-01-29,5.34.0,en,4
98878ab61ef711100524c22bf22ac1268f6ca2b150173608a7d54e8319350ec1,android,1,,Transaction stuck in processing state for 48 hours. No update no resolution given.,2026-01-28,5.34.0,en,4
e25b4cc18946a41a8fc3d6b5a70f9a17b43cf6f76016a340833df3083b215f18,android,1,,Raised ticket 7 days ago. No response received. Very poor customer service.,2026-01-28,5.34.0,en,4
b9c8223ff9afa6035ad65c083cd18c3874f386e3c37b10d096b5f1002b77e4a8,android,1,,Withdrawal pending for 5 days. Urgently need money but no response from support.,2026-01-28,5.34.0,en,4
bf0fc138b225acaf07e4d88b0e1d2cc508c1f993c15030cf26d68ca9e5dc203c,ios,1,,Withdrawal pending for 5 days. Urgently need money but no response from support.,2026-01-28,5.34.0,en,4
cb9e1751e6941bf00f75cdf8aa3f3471257c91591cca1cdb20b071f5e41b90c7,ios,1,,SIP amount deducted twice this month. Double deduction happened without any reason.,2026-01-28,5.34.0,en,4
85efbe99c18b66f9a5a4e7b16e9fb7a059e35fa972ce3062d6671129b429c43c,android,1,,Transaction stuck in processing state for 48 hours. No update no resolution given.,2026-01-27,5.34.0,en,4
2ec5cd6624aef28da086d991301f00ac42fa22619388d46cbae891f964e9dcf4,ios,1,,Transaction stuck in processing state for 48 hours. No update no resolution given.,2026-01-27,5.34.0,en,4
8e68d9e21880773b7424567ab88a5e7c86a4968e1ad9c050d654fea35365e23b,ios,1,,Raised ticket 7 days ago. No response received. Very poor customer service.,2026-01-27,5.34.0,en,4
15c3546c013aec5476c414ba79701753b6610ff4e973d76b25ec31271a57786c,ios,1,,SIP amount deducted twice this month. Double deduction happened without any reason.,2026-01-27,5.34.0,en,4
2ffd8f4333f79832bf68d1fe47c879bca8761bce47ebdadf5d95e0b118abe7ae,android,1,,SIP amount deducted twice this month. Double deduction happened without any reason.,2026-01-27,5.34.0,en,4
991afd315242589156cc35e10dd7550b07bfd4fef0f74433cd4a9a6b31f5ae5a,ios,1,,Raised ticket 7 days ago. No response received. Very poor customer service.,2026-01-27,5.34.0,en,4
e51a9298dd0f01538b66ef89920eae9a96d12ab307323255e74be0aebd7b9af1,ios,1,,Transaction stuck in processing state for 48 hours. No update no resolution given.,2026-01-27,5.34.0,en,4
ddd1b579a41d3084522f2dd336c0a17caf5153a63f228407443df8d5585eecfa,android,1,,Money deducted from bank but investment not done. Transaction shows failed status.,2026-01-27,5.34.0,en,4
98016510d76586dacfa64a9b0ed9b532defe0165e35b6e048468ea2780ae26d6,android,1,,Transaction stuck in processing state for 48 hours. No update no resolution given.,2026-01-27,5.34.0,en,4
036d738eff7627d636df35322d5756678fcbd730223f5a06f78129f156b9eb11,android,1,,Transaction stuck in processing state for 48 hours. No update no resolution given.,2026-01-27,5.34.0,en,4
81c7d0c6063aad5c7afe81d3dc68d79dcf0b0e514b90164ffec2a0658c073389,android,1,,Money deducted from bank but investment not done. Transaction shows failed status.,2026-01-27,5.34.0,en,4
1814045cdbf2e2782b4e50a56d905321dbf7d89e1fd97a704feccd4a81aebe2e,android,1,,SIP amount deducted twice this month. Double deduction happened without any reason.,2026-01-26,5.34.0,en,4
1bec2a52f2949ac47aae1dde717ed486e2cc0f40f6f684f608d92a8cf476ddf1,ios,1,,Transaction stuck in processing state for 48 hours. No update no resolution given.,2026-01-26,5.34.0,en,4
e85ac25ee2ceb55efbc9a5dc3081372e5e8fa3842353c46c8a58d17caf3b124c,android,1,,Raised ticket 7 days ago. No response received. Very poor customer service.,2026-01-26,5.34.0,en,4
71365647d18149c288ffc866aa805b7e66b7ac345b685e5fb1ecff0731a07e97,android,1,,Raised ticket 7 days ago. No response received. Very poor customer service.,2026-01-26,5.34.0,en,4
f0d294858604a9d8a9a028fc455442968b58fb7e20805965d5cca7d242726bbf,ios,1,,Raised ticket 7 days ago. No response received. Very poor customer service.,2026-01-25,5.33.0,en,3
57f1f95931b46c9c401e212495937ef7e98fb4d0dc2111a2ab246306114e642f,android,1,,SIP amount deducted twice this month. Double deduction happened without any reason.,2026-01-25,5.33.0,en,3
f18400a3374dbcc9ddad13fe076303f5e6df63ee9bb14e2200d7d75b674b1f04,ios,1,,Withdrawal pending for 5 days. Urgently need money but no response from support.,2026-01-25,5.33.0,en,3
791d5d1d6a13c3dffb30c50037ba0947652ff919b32d68d4317dc86ef918bd31,android,1,,SIP amount deducted twice this month. Double deduction happened without any reason.,2026-01-25,5.33.0,en,3
d89f7a1e07085eaf15c6a1b6d12cda4cd0b83fa6a316c0d0a4b8c254568984a7,android,1,,Withdrawal pending for 5 days. Urgently need money but no response from support.,2026-01-25,5.33.0,en,3
af3bfc7c916f9b8813799f52c0315c1d73cdaa9e7856117eb5231eb3c62c1549,ios,1,,Money deducted from bank but investment not done. Transaction shows failed status.,2026-01-25,5.33.0,en,3
25b4adb5094573ffedf490f60b3e62a82a508271f416f12b6615097c0c333c1b,android,1,,Money deducted from bank but investment not done. Transaction shows failed status.,2026-01-25,5.33.0,en,3
a94d7f02709974c3973ac4a76f122e05f34024310ddf21ee0fb66153381b70ee,android,1,,Raised ticket 7 days ago. No response received. Very poor customer service.,2026-01-25,5.33.0,en,3
96986373168d9a2a99a8b0f0840bb6384574ae0cb4977497e1f201a89afe066f,android,1,,Raised ticket 7 days ago. No response received. Very poor customer service.,2026-01-25,5.33.0,en,3
36d6d22550b630996938ac0e009aae990356097369a1bef6304948b648c1588c,ios,1,,Withdrawal pending for 5 days. Urgently need money but no response from support.,2026-01-25,5.33.0,en,3
add242da63e4987ef9c4c4f7b1a4c7ae42fdd21fbed5943eeb8cf92d71e38ed3,ios,1,,Withdrawal pending for 5 days. Urgently need money but no response from support.,2026-01-25,5.33.0,en,3
9233fc64ac01fd16d3e37c3660885badf8b49329649c91837ede632c32437fd5,ios,1,,Money deducted from bank but investment not done. Transaction shows failed status.,2026-01-24,5.33.0,en,3
f16187d782825c30e83a03d95a39c2ca32c3f293aebb1030421b1db82b457a86,ios,1,,SIP amount deducted twice this month. Double deduction happened without any reason.,2026-01-24,5.33.0,en,3
f17d249bb814443eec315f8c373eb94a2c0009d7c908d7342702c704234156c2,android,1,,Raised ticket 7 days ago. No response received. Very poor customer service.,2026-01-24,5.33.0,en,3
374335956bdf1b7bc02ce520bf1a477e82d5fdd2c3767af0afda10459d53444e,ios,1,,Transaction stuck in processing state for 48 hours. No update no resolution given.,2026-01-24,5.33.0,en,3
ca182bf94222756af05150e5d29cc2e575a5fc7d876a47a9c337cae932c269c4,android,1,,Raised ticket 7 days ago. No response received. Very poor customer service.,2026-01-24,5.33.0,en,3
ab4d637c14afb70a7c9d50c6b6d8351a64ac15b382c452e5bf55081f21af1b22,ios,1,,Withdrawal pending for 5 days. Urgently need money but no response from support.,2026-01-24,5.33.0,en,3
258ceba6cda7d7368e526e1518fc808956f1628f6fa135bfbea8cd7f7e61da3e,android,1,,Raised ticket 7 days ago. No response received. Very poor customer service.,2026-01-24,5.33.0,en,3
eb549fa81692b5927c042c3dd45a7fb69bf4d8cf7b6b764cbd1e84fa8d3584d6,android,1,,Withdrawal pending for 5 days. Urgently need money but no response from support.,2026-01-23,5.33.0,en,3
cae2d51acc2ac4fa1bae872ed24d33ab5a4e12a84bb19adec2a886c9456c61dc,android,1,,SIP amount deducted twice this month. Double deduction happened without any reason.,2026-01-23,5.33.0,en,3
421be6721d55d97f9aba6d1add542768499aea47f97b90a13c2a19bfc375e5cc,ios,1,,SIP amount deducted twice this month. Double deduction happened without any reason.,2026-01-23,5.33.0,en,3
26a1279c30f65c2a348917c8bdfbb35609409ca293e294f1e8f0f0a9774c3fd5,android,1,,SIP amount deducted twice this month. Double deduction happened without any reason.,2026-01-23,5.33.0,en,3
2ad010765886e57cc1331a3a2ce1bbd11bc52063daad2854659d7c28fc364729,android,1,,Transaction stuck in processing state for 48 hours. No update no resolution given.,2026-01-23,5.33.0,en,3
2293df9bb52ca1c177eccdcf1b63ad256aea09964d1ca611d82d8804526309ea,ios,1,,SIP amount deducted twice this month. Double deduction happened without any reason.,2026-01-23,5.33.0,en,3
922fc2e81906459e3232fc95d4a3db5627ab19a916e84ff92309ef94547caa54,android,1,,Money deducted from bank but investment not done. Transaction shows failed status.,2026-01-23,5.33.0,en,3
1776a424e5af29a203f167c097fda8841599edc14fff86be0cc879c11f5a9738,android,1,,SIP amount deducted twice this month. Double deduction happened without any reason.,2026-01-23,5.33.0,en,3
350f36cfcf2e1905d4bc7b38d3b7ffc0335c7105ee5c61690128e7caa51c9a08,ios,1,,Transaction stuck in processing state for 48 hours. No update no resolution given.,2026-01-23,5.33.0,en,3
4924b83168b13b5121b764626283098c108c41b973d49ce62cc6fa2b70eb43f1,ios,1,,Money deducted from bank but investment not done. Transaction shows failed status.,2026-01-23,5.33.0,en,3
120fe47d2eb9822358f9d0ba7db9269d6de283b80473c9b9baa1df96bedbd72e,android,1,,Transaction stuck in processing state for 48 hours. No update no resolution given.,2026-01-22,5.33.0,en,3
aa33663992dd8d345f471b56cdfccc347c913c3ce75aecdcf588b11b470ceaa3,android,1,,Transaction stuck in processing state for 48 hours. No update no resolution given.,2026-01-22,5.33.0,en,3
c1925846f65fd32e1be3541261bbb79a073fd703a48794868d8b985c6f31d5fa,android,1,,Transaction stuck in processing state for 48 hours. No update no resolution given.,2026-01-22,5.33.0,en,3
53ffde521a5e03619574d80cd99969f37e312cbb725482521c89fe2490727138,ios,1,,SIP amount deducted twice this month. Double deduction happened without any reason.,2026-01-22,5.33.0,en,3
0ec3d9e2c8471cad98f0d8c4bc110e9fc122045970358471785163fa8b79437e,ios,1,,Raised ticket 7 days ago. No response received. Very poor customer service.,2026-01-22,5.33.0,en,3
637c2323b115c1fd7ef437b6a613d873a464d5132e2c38a9c4ac0dcac28af402,ios,1,,SIP amount deducted twice this month. Double deduction happened without any reason.,2026-01-22,5.33.0,en,3
3630bf1125b2537b7ee4329379ec66338943926d6cc5057aa1f0136b7c4e9398,android,1,,SIP amount deducted twice this month. Double deduction happened without any reason.,2026-01-22,5.33.0,en,3
60ce2f99bf9ab9f60a951942ec0aa46575bbc31b0d7e90f93998b605e4621295,android,1,,Transaction stuck in processing state for 48 hours. No update no resolution given.,2026-01-22,5.33.0,en,3
d877b3066fa53bab033c83029e17d389a6abbd5cad6db1421ccef23e7010fe12,ios,1,,Transaction stuck in processing state for 48 hours. No update no resolution given.,2026-01-22,5.33.0,en,3
23ed3aa2d4dc162a3aa320f65708c344247c2e2fa3dffb59c6d4fea291c68001,ios,1,,Money deducted from bank but investment not done. Transaction shows failed status.,2026-01-22,5.33.0,en,3
c9f0c057d7fead9da1d5e2017ae69445a968d8c152d5b7d27613b93037b0ec44,ios,1,,SIP amount deducted twice this month. Double deduction happened without any reason.,2026-01-22,5.33.0,en,3
cf4edc42fe120d67ac2eaa43d70a0583bd10ef53175db8bfd8c37f8b672018ac,ios,1,,Transaction stuck in processing state for 48 hours. No update no resolution given.,2026-01-21,5.33.0,en,3
5908387ac7ef8713de6fae16184ab4bb2eb88e18121366a4bae65df17f58d63e,android,1,,Money deducted from bank but investment not done. Transaction shows failed status.,2026-01-21,5.33.0,en,3
96441c8e92f150e65db6a14ca26d5da153aa88656df88e59b258d4a5e30f0e5b,android,1,,Money deducted from bank but investment not done. Transaction shows failed status.,2026-01-21,5.33.0,en,3
70d11f0f180783e2fb72087be5ce6a8ac210d5e05c32dd2a904df27579c1b08b,android,1,,Raised ticket 7 days ago. No response received. Very poor customer service.,2026-01-21,5.33.0,en,3
84c1b5e6480f7050aa0f17e1a09898ad04efaf4591a13cda323487f6fda18321,ios,1,,Withdrawal pending for 5 days. Urgently need money but no response from support.,2026-01-20,5.33.0,en,3
a1f0d0c3c9181d58ff4e7d02167f198c35f447f412d5e57065c69b931a1f94f2,ios,1,,Withdrawal pending for 5 days. Urgently need money but no response from support.,2026-01-20,5.33.0,en,3
78d8d78f0943cc34a20a56800c1943e17d38375bbc8b3221a3d3137073d0cd34,android,1,,SIP amount deducted twice this month. Double deduction happened without any reason.,2026-01-20,5.33.0,en,3
b39795cb996d0a989c5d018ca943baa9f08947b75e80ccc85e8903548188d265,ios,1,,SIP amount deducted twice this month. Double deduction happened without any reason.,2026-01-20,5.33.0,en,3
dde85291bcbeccabc2d630279362882aa63d4bdfeda02861667a3ab39a4d1df3,android,1,,Transaction stuck in processing state for 48 hours. No update no resolution given.,2026-01-19,5.33.0,en,3
2709af54380c172756d35f324cbd30e1a40c7b61bb5b9c2608420141316677d3,android,1,,Transaction stuck in processing state for 48 hours. No update no resolution given.,2026-01-19,5.33.0,en,3
08bd3feda3d49b5b2e65bd23f97a722ba10b9f6ff20d5ccf352a47dfb49b418d,ios,1,,Raised ticket 7 days ago. No response received. Very poor customer service.,2026-01-19,5.33.0,en,3
5f40fae84f1fce99809a5317d1bd1ea0d2cf802fd24ae8b913b763eaddc7a5d1,android,1,,Raised ticket 7 days ago. No response received. Very poor customer service.,2026-01-19,5.33.0,en,3
92b0d466e7522d9a9d00a721ca4e6c2c6f2f28c4739dff060ba68ff45548b20d,ios,1,,Transaction stuck in processing state for 48 hours. No update no resolution given.,2026-01-19,5.33.0,en,3
0ce07ced7431ed6f189afc7107984dfe00ecf1bcbc56bcaac3878cbfe93fc51f,ios,1,,SIP amount deducted twice this month. Double deduction happened without any reason.,2026-01-19,5.33.0,en,3
e64feebfb823f451af442d22e4e40e9961d0d91ae5ef1bac2cea3e4bd0e9978b,ios,1,,SIP amount deducted twice this month. Double deduction happened without any reason.,2026-01-19,5.33.0,en,3
19b211bc9f9a7991d9719f755c102b03d37949e92d4b5f3a9957f7bd0a8a058f,android,1,,SIP amount deducted twice this month. Double deduction happened without any reason.,2026-01-19,5.33.0,en,3
6dea1a3496c6ce3ea097f2ccc7a67b32f10e2cee7411cc018da8d7aadbf1d3f9,ios,1,,SIP amount deducted twice this month. Double deduction happened without any reason.,2026-01-19,5.33.0,en,3
29d2a980e8e0191e7f9d4e04fc79dc13a630ea6df6de16e0fa74be553fcc26b0,android,1,,Transaction stuck in processing state for 48 hours. No update no resolution given.,2026-01-18,5.32.0,en,2
4593d25f0ee5de56b780a1245b5c733a41b40c7c74e7d3a92f312fb2a88390c1,android,1,,Raised ticket 7 days ago. No response received. Very poor customer service.,2026-01-18,5.32.0,en,2
813366ef914586341d578d3f74d0560abedddec4f47aabef9810b169ef7ae491,ios,1,,SIP amount deducted twice this month. Double deduction happened without any reason.,2026-01-18,5.32.0,en,2
66665f9467be084b948edbeac1ed23edaf90b4f161681981f0efc137dd4678ba,android,1,,Transaction stuck in processing state for 48 hours. No update no resolution given.,2026-01-18,5.32.0,en,2
46f9bc44cd5dbebfb41d975b7b8cfd46c2389ca4c5d1d649bf747101550f7eca,android,1,,Withdrawal pending for 5 days. Urgently need money but no response from support.,2026-01-18,5.32.0,en,2
2b0e58b63462e84214e93edada8f5129a108dbb5edeedf2e03a395f67a50912c,ios,1,,Transaction stuck in processing state for 48 hours. No update no resolution given.,2026-01-17,5.32.0,en,2
d4427191dfe7318228f27300553072e4ff2d539a3afa1aed27f42ef179fcf05c,android,1,,Withdrawal pending for 5 days. Urgently need money but no response from support.,2026-01-17,5.32.0,en,2
6f01eb7d98a10b237bef1d15ed4973fa5ac25771e25e8d5ad64b0cddbd9df75d,ios,1,,Transaction stuck in processing state for 48 hours. No update no resolution given.,2026-01-17,5.32.0,en,2
8e692fc776f5d3bd847bbe775b115fecc732c40f25f176e0aee3da6baf010969,ios,1,,SIP amount deducted twice this month. Double deduction happened without any reason.,2026-01-17,5.32.0,en,2
0bffe4d632553bee6309e4583eba8958babba9f9b1a88d5e0db43161d2f6ab44,android,1,,Withdrawal pending for 5 days. Urgently need money but no response from support.,2026-01-17,5.32.0,en,2
28e21d134bd69130f17aece672487c3e906458d6a1e0a628b065e0ea80343e95,ios,1,,Raised ticket 7 days ago. No response received. Very poor customer service.,2026-01-17,5.32.0,en,2
2e6da39327d3aa55ad546e4e1283173647ef0797b35c3db427b748ae952e81c8,android,1,,Transaction stuck in processing state for 48 hours. No update no resolution given.,2026-01-17,5.32.0,en,2
7312c094f6e4e1cbc32e03933d9caadf141618e999dbb620e1bdb78ebe72b43e,android,1,,Withdrawal pending for 5 days. Urgently need money but no response from support.,2026-01-17,5.32.0,en,2
dd99d0db17a1d5c84df8f4b397feca8aaf8516c7178003e7a6d03614b7e62e16,android,1,,Transaction stuck in processing state for 48 hours. No update no resolution given.,2026-01-16,5.32.0,en,2
5a67b929d239b0efc795b482abcbc751a6bb73115e74db703334bf311effac64,ios,1,,Raised ticket 7 days ago. No response received. Very poor customer service.,2026-01-16,5.32.0,en,2
682f0a5533754fcdbcdac8a3f9a5a777ee20068372e186f53b02c51b04497b4f,ios,1,,Withdrawal pending for 5 days. Urgently need money but no response from support.,2026-01-16,5.32.0,en,2
c83b528c97c503b91acb84f0212b606e373fe00c98a83b9e4193c8aaaf7c3920,android,1,,Raised ticket 7 days ago. No response received. Very poor customer service.,2026-01-16,5.32.0,en,2
1aa521264884ec754372888406f6b5e4430a21b18ccfd1a4d7b75912bf512f82,android,1,,Raised ticket 7 days ago. No response received. Very poor customer service.,2026-01-16,5.32.0,en,2
c89d4f8fbd587b7e4610dde70224ceada1e24bbebd093c204dfea53e4e0d1145,ios,1,,Transaction stuck in processing state for 48 hours. No update no resolution given.,2026-01-16,5.32.0,en,2
04aaed81656c04c225ecbc956b1808e8e06cb7584c1bacff7b39c3ce0cfdc7f4,android,1,,Money deducted from bank but investment not done. Transaction shows failed status.,2026-01-16,5.32.0,en,2
db3a8ce89b801e3f983a13236ca2369869eacad2794e44efef0db4bde9d153e9,android,1,,Withdrawal pending for 5 days. Urgently need money but no response from support.,2026-01-15,5.32.0,en,2
005adb6e1433230a89a50058ef0e30a00d594a922d3ca33e1ad93c21340b3367,android,1,,Withdrawal pending for 5 days. Urgently need money but no response from support.,2026-01-15,5.32.0,en,2
2e258f8c71450781282182350d358905bb86c52740428d7720fa71cd59d02890,android,1,,Raised ticket 7 days ago. No response received. Very poor customer service.,2026-01-15,5.32.0,en,2
074ab5e11222d8222dad58eafce1307f79efad939aaf310f85ac355ff5e46738,ios,1,,SIP amount deducted twice this month. Double deduction happened without any reason.,2026-01-15,5.32.0,en,2
3f6a6cd11552ed2c6fb7554e9d6d2ec9ebe4508b8a6d7f50bafad2a82aa0d0d2,android,1,,Money deducted from bank but investment not done. Transaction shows failed status.,2026-01-15,5.32.0,en,2
6e5bc93f051915c4e193cfa268ff375771b0dca36d62353b4119146858bedf9f,android,1,,Money deducted from bank but investment not done. Transaction shows failed status.,2026-01-15,5.32.0,en,2
e9988c617d0db781eff6605d4f8a58bfa40e091ce2287913e423bbb12629a553,ios,1,,Raised ticket 7 days ago. No response received. Very poor customer service.,2026-01-15,5.32.0,en,2
d16fb29903b1d4908fb3e826cb72fa416830bd6dace8ce17f39b597fe5791f7b,android,1,,Transaction stuck in processing state for 48 hours. No update no resolution given.,2026-01-14,5.32.0,en,2
51a0bf570278518e6e75b81ef17a8694d469313d5a88636320e3916fcecdd0a5,ios,1,,Withdrawal pending for 5 days. Urgently need money but no response from support.,2026-01-14,5.32.0,en,2
c8f800369efd9561f73eea8006aad40bc853a4581e1aa6d0c2c8436ab511596a,android,1,,Money deducted from bank but investment not done. Transaction shows failed status.,2026-01-14,5.32.0,en,2
cb8e898fe6ee5c367cae1786b2c581c27943e126162007c2cdfac59237b547ab,ios,1,,Withdrawal pending for 5 days. Urgently need money but no response from support.,2026-01-14,5.32.0,en,2
c4058a130f137e572911ee4b5f904729e24ed00ce1410459a8624d0532837f19,android,1,,Withdrawal pending for 5 days. Urgently need money but no response from support.,2026-01-13,5.32.0,en,2
ddb0494de5c0ed672db0f0f07123f74f30396aaa7ff66a63368daef73c216807,android,1,,Withdrawal pending for 5 days. Urgently need money but no response from support.,2026-01-13,5.32.0,en,2
6c66e3aca0ebed8e07953ccb2735be1168ab41a838667dca6d1b25d4e781c5d4,android,1,,Raised ticket 7 days ago. No response received. Very poor customer service.,2026-01-13,5.32.0,en,2
5c75478c44db4be925b38f76cfa25b0b6e4eab38f5479a5e617b6919a465e482,android,1,,Transaction stuck in processing state for 48 hours. No update no resolution given.,2026-01-13,5.32.0,en,2
cea4f041d2b073894a693f12392b03f963156e0158524ba93250b224cadc327d,ios,1,,Withdrawal pending for 5 days. Urgently need money but no response from support.,2026-01-12,5.32.0,en,2
8281d4f962cdcd70e0589252daf72bf7c67b7e3b7994969e8d026d646112c349,android,1,,Raised ticket 7 days ago. No response received. Very poor customer service.,2026-01-12,5.32.0,en,2
6b1bfd2eec765451100b833cb3237b63cbc8e0c05e64a6d81863aed127d75823,ios,1,,Transaction stuck in processing state for 48 hours. No update no resolution given.,2026-01-12,5.32.0,en,2
9cf28941ca9cf4086f1ca17c2f26fec5c10c21d02928feccf8d2dc24185d4454,ios,1,,Withdrawal pending for 5 days. Urgently need money but no response from support.,2026-01-12,5.32.0,en,2
1764e04c1798540c90d381f2c4939ffed0d3098e4c5003159154854a2e97f76a,ios,1,,Transaction stuck in processing state for 48 hours. No update no resolution given.,2026-01-11,5.31.0,en,1
63ca8f6bce0b1808cb33e0732d3fc7810b3005581246f149dec267c23721b99a,ios,1,,Raised ticket 7 days ago. No response received. Very poor customer service.,2026-01-11,5.31.0,en,1
97b82c59cab3675e3d227d5e5741655846c76ae6c94a4e5c70101381b1e36444,ios,1,,Raised ticket 7 days ago. No response received. Very poor customer service.,2026-01-11,5.31.0,en,1
9c5f850cc9da73c22205947073550b375cd0f4345509e77a05eae4bca962e5c8,ios,1,,SIP amount deducted twice this month. Double deduction happened without any reason.,2026-01-11,5.31.0,en,1
fbdc71c98648f73d2f000d4505930655afeebbfb17d53d6f599f93579ad33bd8,android,1,,Money deducted from bank but investment not done. Transaction shows failed status.,2026-01-11,5.31.0,en,1
863bba462e39c844407c3d72451445a64af4c2d9ff90f56a40065f3c8b019375,ios,1,,SIP amount deducted twice this month. Double deduction happened without any reason.,2026-01-11,5.31.0,en,1
9354a11be883744a0c83360340385a58ec06936b14586f124fda01474ce89a85,ios,1,,Transaction stuck in processing state for 48 hours. No update no resolution given.,2026-01-11,5.31.0,en,1
80b9fb7d80a3119b578ce804bcb6fd8771788ebb8d215c9c69d89ab111a0b65b,ios,1,,Money deducted from bank but investment not done. Transaction shows failed status.,2026-01-10,5.31.0,en,1
81b5152420635d2e0ee1e40b6c824187b4c2cc223325b891ae136688767819a4,android,1,,Withdrawal pending for 5 days. Urgently need money but no response from support.,2026-01-10,5.31.0,en,1
5eb78e92e494325c4d84ab9d0d0841fbe06940ef2a9a6453ae4538a02ca264a0,ios,1,,SIP amount deducted twice this month. Double deduction happened without any reason.,2026-01-10,5.31.0,en,1
8b51544b509b6d698a19a46fb2de922205a438a7b4f844fa67e81af1f33f0213,android,1,,Transaction stuck in processing state for 48 hours. No update no resolution given.,2026-01-10,5.31.0,en,1
5282a218dc829b26bebfbf29a29b03ff8a81809b394c97b67cffbd5f5e80edda,ios,1,,Withdrawal pending for 5 days. Urgently need money but no response from support.,2026-01-10,5.31.0,en,1
9bbdde26abe54ee638e916a8a35839b00dbcb432d066e1872233fcf2ee1f7556,android,1,,Money deducted from bank but investment not done. Transaction shows failed status.,2026-01-10,5.31.0,en,1
b173b1dce5c5644ed67b65628848629931a808a596b562f19cf0dc2202fc3d15,ios,1,,SIP amount deducted twice this month. Double deduction happened without any reason.,2026-01-10,5.31.0,en,1
3064f573e072e22b983f609cdb86c0314be8ab49b09f259b09f9758662bfeef4,ios,1,,Raised ticket 7 days ago. No response received. Very poor customer service.,2026-01-10,5.31.0,en,1
5372291d03b0f4abce90fb44b544ef91e0e81f47482c4aad63333498c3528ebd,android,1,,Withdrawal pending for 5 days. Urgently need money but no response from support.,2026-01-09,5.31.0,en,1
bbd8b070396edec1a55558ce7cce4b06910575132bdc1b0f3c298d05b0730324,android,1,,Raised ticket 7 days ago. No response received. Very poor customer service.,2026-01-09,5.31.0,en,1
9e396edae59bb5f59aa8d4fc7ab0a48d4812a3dff2e3f781e1c5e994e0d10d15,android,1,,Money deducted from bank but investment not done. Transaction shows failed status.,2026-01-09,5.31.0,en,1
2632cafd15fba1be6f67c1862350895cb295d2e688c57db396a2391b74a7256d,android,1,,SIP amount deducted twice this month. Double deduction happened without any reason.,2026-01-09,5.31.0,en,1
da7307c6d1517faed4521c3a6937460df19f47d7a38022799443accec9b6c73f,ios,1,,Withdrawal pending for 5 days. Urgently need money but no response from support.,2026-01-09,5.31.0,en,1
23bee99772939630fe4490905e577ad9532b2488baf87d96b523698395462fbc,android,1,,Transaction stuck in processing state for 48 hours. No update no resolution given.,2026-01-08,5.31.0,en,1
a6a483e83641922cd6e01215bde3686ea14ded35c73ea867fc91d135ed938452,ios,1,,SIP amount deducted twice this month. Double deduction happened without any reason.,2026-01-08,5.31.0,en,1
5dc3079e5fed2041c64b301d18850b232478d1a08a43786c622e89bfff954656,android,1,,Money deducted from bank but investment not done. Transaction shows failed status.,2026-01-08,5.31.0,en,1
8af4ced2d23d4dd2363a8a233639665fcbb3647735bb3888448b77bc58f4f4cc,android,1,,SIP amount deducted twice this month. Double deduction happened without any reason.,2026-01-08,5.31.0,en,1
d00c54e2beaaac14d9607d00d4353ecaf29954d688f26b185a23b9a0ef3caa08,android,1,,Transaction stuck in processing state for 48 hours. No update no resolution given.,2026-01-08,5.31.0,en,1
62484174c2d8965f38b303fdb0c592c29abb9b3a33e41513bfebb22ec834e250,ios,1,,Transaction stuck in processing state for 48 hours. No update no resolution given.,2026-01-08,5.31.0,en,1
f7f23a76459847c2ae654d0deb4573c5046d52b03137973d8fc57a4b4f5dcdb1,ios,1,,Raised ticket 7 days ago. No response received. Very poor customer service.,2026-01-07,5.31.0,en,1
5cd3aa05cf98da96511dbe6006649bef9988577f9e26bfbdfd4c4a676777c94c,android,1,,Withdrawal pending for 5 days. Urgently need money but no response from support.,2026-01-07,5.31.0,en,1
715a0886f541ffb6f9b4d6c287d9de89a0d3c1b7bf0a177a8e96cb542c0ec8d4,ios,1,,Transaction stuck in processing state for 48 hours. No update no resolution given.,2026-01-07,5.31.0,en,1
95c428207fe4e824f5b951f0286a4de070857d366ff258122f1a938a30d04285,ios,1,,SIP amount deducted twice this month. Double deduction happened without any reason.,2026-01-07,5.31.0,en,1
bf9c64599483137cde9f92db62e4417a0da8a327a85a1d87b0a5e4443360283c,android,1,,Raised ticket 7 days ago. No response received. Very poor customer service.,2026-01-07,5.31.0,en,1
8890ca287165c32305adcb0909e21b747303f2172eb1fbd511eb72acb672095d,android,1,,SIP amount deducted twice this month. Double deduction happened without any reason.,2026-01-07,5.31.0,en,1
387b6de6965d5e38da45f440615eb3ce3f91d9c423fa4f216f52b867744317e9,android,1,,SIP amount deducted twice this month. Double deduction happened without any reason.,2026-01-06,5.31.0,en,1
a6f62f9fe9212ac6a39891c770daa21170420cd7116d6ff75ed213e6b798c13c,android,1,,SIP amount deducted twice this month. Double deduction happened without any reason.,2026-01-06,5.31.0,en,1
d8e53c5f7f067020dd5c8e596126dc780b68f9050316d3d4538fa7fdfda82a2d,android,1,,SIP amount deducted twice this month. Double deduction happened without any reason.,2026-01-06,5.31.0,en,1
772573b1a2cf7e860933aaebf02971983a2ba7b627949c892c2d0810a8196c77,ios,1,,Transaction stuck in processing state for 48 hours. No update no resolution given.,2026-01-06,5.31.0,en,1
7fab39fd02df7947867420256d0fc4293805c30d71e31cbb42e7aa6bb897859c,ios,1,,Raised ticket 7 days ago. No response received. Very poor customer service.,2026-01-05,5.31.0,en,1
2b71288302a580ef14076a2859c4f5a8ac79db7da4c05c759bfe3e761b1a5000,android,1,,Transaction stuck in processing state for 48 hours. No update no resolution given.,2026-01-05,5.31.0,en,1
af7a3e68cdac46013128a1e95ec431379d0a0b0901cd98477503d2cfff37feb9,android,1,,Transaction stuck in processing state for 48 hours. No update no resolution given.,2026-01-05,5.31.0,en,1
adbcf444ef94ff54c4b4d1059bfd99d2683d7147131f70c9f492b71dcd2695ff,ios,1,,SIP amount deducted twice this month. Double deduction happened without any reason.,2026-01-05,5.31.0,en,1
43ce3479a8c3b1f6fc30ab11a8529a0e15df9db4a104b20248b60bde7844b8b3,android,1,,Raised ticket 7 days ago. No response received. Very poor customer service.,2026-01-05,5.31.0,en,1
4e4079c30cd5bbf39561eb7b44598467ac4718402c40ce88678db27a887c9e58,android,1,,Withdrawal pending for 5 days. Urgently need money but no response from support.,2026-01-05,5.31.0,en,1
ea05ef6c7df0b389e7320a4d6efdaa102471b721dae32eb11a8099e4321d0123,ios,1,,Raised ticket 7 days ago. No response received. Very poor customer service.,2026-01-05,5.31.0,en,1
f17c5c011a30f09f754ee8dbef4b72030a284c2bb0cd80468df3e8866dba5acf,android,1,,Money deducted from bank but investment not done. Transaction shows failed status.,2026-01-05,5.31.0,en,1
d29e53658daf2e2e4582e38f8ec0fccfedacc523d6a3712c0b744bc0535d946c,android,2,,this broker is hiding some data .It is not transparent .The transaction is not showing all something hiding the credit. And after release the trade the profit also did not show that much profit and which time will adding didn't show. Now I experience myself this broker is hiding transaction data so that we didn't know whether the profit credit or not credit after release the trade.,2026-04-24,18.7.1,en,
16c1fd3542069d7b86d1bf6fc6e6e8b66d2b4baeafedc73c1dc5e73c7462fb5b,ios,2,"I am using the [REDACTED] app for mutual fund investments, and overall experience is good, but ….","1) Mandate (AutoPay) Limits  
Currently, AutoPay mandate is quite restrictive:  
- UPI mandate is limited (generally up to ₹1–2 lakh depending on bank)  
- Net banking mandate allows only up to around ₹5 lakh  
- Default practical usage often stays near ₹1 lakh for seamless transactions  

Because of this, it becomes very difficult for serious investors to invest large lump sum amounts.

For example:  
- If I want to invest ₹10 lakh or more in one go during market correction, it is not possible smoothly using mandate  
- I have to split transactions or use manual payment, which defeats the purpose of AutoPay  

Other platforms like NJ Wealth provide higher mandate flexibility (₹20–50 lakh or more), which is much more practical for high-value investors.

👉 Request:  
Please introduce higher mandate limits (₹20–50 lakh or customizable based on user profile and bank approval), especially via net banking/eMandate.

---

2) Limited SIP Frequency Options  
Currently, SIP options are limited to monthly (and some dates).  

👉 Missing features:  
- Daily SIP option  
- Weekly SIP option  

These are very useful for:  
- Better cost averaging  
- Investing during volatile markets  
- More flexible cash flow management  

Many investors prefer daily/weekly SIP to capture market movements more effectively.

---

✅ Overall:  
[REDACTED] is a very user-friendly and excellent platform, but these limitations make it less suitable for high-value and advanced investors.

Improving mandate limits and adding flexible SIP frequencies will significantly enhance the platform experience.",2026-04-22,18.7.0,en,
6610b54796f70d7303df3b24440985497db0b3fc80081e6b583d28f1f8decf9f,ios,3,,"I had 15k added to my wallet. And I saved it there cause I was unable to set up autopay. And later next month, I withdrew 5000 from the wallet. It said it will take 3-5 working days. I noticed the wallet balance was 10k. I waited patiently for 7 working days. No money was sent to my account. I immediately contacted the customer care. THEWORST CUSTOMER SERVICE TEAM I EVER CAME ACROSS. I explained them everything in detail and they promised me they will find a solution to my problem. Next day I got a mail from the team that the 10k in my account was transferred to my account and that the transaction is complete. I was in complete shock. The 5k I withdrew, didn’t touch my account. It was a painful journey from there. After writing several emails, I lost my cool. These guys were so stubborn and claimed that the money is sent to my account. I cried, cussed and begged for help. Still the response was the same. I had to let go of 5000 INR. Guys, trust me, this app is fraud. And don’t trust the rating. It’s not true. If you are someone who value money, don’t use this app. It’s a scam.Edit: I saw your response. And I am talking about the money I added it to the wallet. Why and where did my 5000 gone? Is it as per SEBI regulations that you deducted that from my account??",2026-04-25,,en,17
8dc8f09ea7c9caacbeccf8cd9352d8a75880dee8ea7284682f8e5f8da82fffd2,android,3,,Support is slow but eventually resolves issues. Response time needs improvement.,2026-03-29,5.42.0,en,12
84258ea24f021bf909291e6f56cc10a19a53f8a801f13f29051ae134076be746,ios,3,,Support is slow but eventually resolves issues. Response time needs improvement.,2026-03-29,5.42.0,en,12
b627be4e1af5bbd3ee3e4d1b2a595bc0156136774fe7578527925a42636ff287,ios,3,,Support is slow but eventually resolves issues. Response time needs improvement.,2026-03-28,5.42.0,en,12
c39be8badddc73ba7a579531cffe5014505f6315b651b52c112e61053036afab,android,3,,Support is slow but eventually resolves issues. Response time needs improvement.,2026-03-25,5.42.0,en,12
cd211b5bec421329e3ea61ad2f7908acfd118db7ae01e7cd66af190ce1a5f497,android,3,,Support is slow but eventually resolves issues. Response time needs improvement.,2026-03-25,5.42.0,en,12
9dc24a5fe781b8af15bf05afb75d0edf5c934aba9d52048058603ed72f3a0e13,android,3,,Support is slow but eventually resolves issues. Response time needs improvement.,2026-03-25,5.42.0,en,12
6fe97d2ea0e837b7a5cc531ed4eb9c41255d1b292722ce31a99cba0143bc8755,ios,3,,Support is slow but eventually resolves issues. Response time needs improvement.,2026-03-24,5.42.0,en,12
31dfaac9e513d7aba7f79aa1cf7b37d8c06dbb71a3e853ab0de4e1d2528b48ac,android,3,,Support is slow but eventually resolves issues. Response time needs improvement.,2026-03-23,5.42.0,en,12
f19fc921042590104d32b19cd814758090a8cf52fd33cd81098b2fc04fd31655,android,3,,Support is slow but eventually resolves issues. Response time needs improvement.,2026-03-23,5.42.0,en,12
5622f4ff83bf07d501b691a29bb8c1e2e3232e324c4ac3ad57f44dbd76d2b98d,ios,3,,Support is slow but eventually resolves issues. Response time needs improvement.,2026-03-23,5.42.0,en,12
452e7ee14199c7d4c3f080e4b091aa229ca06d4769942cb9fb604ba1e4b81fcf,ios,3,,Support is slow but eventually resolves issues. Response time needs improvement.,2026-03-22,5.41.0,en,11
5ee59ed8454107fcdb1605a3da44957429f73817aa32d73bb12d4fbe688d7f93,ios,3,,Support is slow but eventually resolves issues. Response time needs improvement.,2026-03-22,5.41.0,en,11
c642ee70c6df8bb6441645c422bebf52fa7f707530329942ced99882bccbc7d9,ios,3,,Support is slow but eventually resolves issues. Response time needs improvement.,2026-03-22,5.41.0,en,11
5b1443527d4d1639dc43c22929327fe6186da7ae112b9652d474507e799ca01f,ios,3,,Support is slow but eventually resolves issues. Response time needs improvement.,2026-03-22,5.41.0,en,11
ffde578ea2d0653e6fc505434eac5352c9a7e77e2a8eda8b29e82beaf4414d7c,ios,3,,Support is slow but eventually resolves issues. Response time needs improvement.,2026-03-22,5.41.0,en,11
c88f9d0689ddf4019ab1b550fc817b1433c21468d03f93240bd07bfda6e2cc35,ios,3,,Support is slow but eventually resolves issues. Response time needs improvement.,2026-03-21,5.41.0,en,11
8e41e437466242f5607219d5c94f43b3aeacd7b6e85cec19b5e6853b68f462b7,ios,3,,Support is slow but eventually resolves issues. Response time needs improvement.,2026-03-21,5.41.0,en,11
2067f7805691ede28ade1c5709dece24811849770d52cd66b5896fd0746e11d3,ios,3,,Support is slow but eventually resolves issues. Response time needs improvement.,2026-03-21,5.41.0,en,11
4372c3a9c471ca0d68ebabfdb9d9a25cacf343a4e6a2da71aa57fe05367ecc44,ios,3,,Support is slow but eventually resolves issues. Response time needs improvement.,2026-03-20,5.41.0,en,11
bc6133d0cad4a7c30ee7f96a684283a28adb1e0f7d715e80d9385af93660a855,ios,3,,Support is slow but eventually resolves issues. Response time needs improvement.,2026-03-19,5.41.0,en,11
fa19bcd7f20b6d0e38c1cd86668d1b8cbdcafdd733eff27bdeb9a520cbeeca95,ios,3,,Support is slow but eventually resolves issues. Response time needs improvement.,2026-03-19,5.41.0,en,11
9931599d62ebb2f719f70b8c0a37dc0ed30cad2435314d20f0fd292203f6d112,android,3,,Support is slow but eventually resolves issues. Response time needs improvement.,2026-03-18,5.41.0,en,11
85e2242f5d1ebc71ff4fe9f054e15f32dab6e373f860c45eb9e6b61787b87ed2,ios,3,,Support is slow but eventually resolves issues. Response time needs improvement.,2026-03-18,5.41.0,en,11
5925e948ec6060302f938afe452aef71117828bee66ebca9c8da8cb87fc58b3e,android,3,,Support is slow but eventually resolves issues. Response time needs improvement.,2026-03-18,5.41.0,en,11
c567de318988e3d736bd5d0432edee0255d2c21808eebbbba5cb2c01687c70fb,ios,3,,Support is slow but eventually resolves issues. Response time needs improvement.,2026-03-16,5.41.0,en,11
caedc18b9d17919460dbd95f9a688ed4092166b4a8d5c08e821c7d8be6f7ab24,ios,3,,Support is slow but eventually resolves issues. Response time needs improvement.,2026-03-16,5.41.0,en,11
c12c618faa304a02a6e30dda9102140462139309f44d7e32761b999f6521b304,android,3,,Support is slow but eventually resolves issues. Response time needs improvement.,2026-03-16,5.41.0,en,11
2aaa7b1c0179e4dfd52ef7dbb3a3bb40a5a1bc97b0a416d39909298c9b9b5236,ios,3,,Support is slow but eventually resolves issues. Response time needs improvement.,2026-03-15,5.40.0,en,10
b355678fd414d7fcc02db79d28244d6a5d1f688b9f9a2f10a80acbade296819a,android,3,,Support is slow but eventually resolves issues. Response time needs improvement.,2026-03-15,5.40.0,en,10
6255f80fc8a11782da55a41a226a27aafb02c08b4d253dbf463bbb8b749aac9f,android,3,,Support is slow but eventually resolves issues. Response time needs improvement.,2026-03-14,5.40.0,en,10
c9f6c60f6dc34dbdb03f394a9e432b44399b16f35502a763f72b2e444e201a73,ios,3,,Support is slow but eventually resolves issues. Response time needs improvement.,2026-03-14,5.40.0,en,10
ed382bfdfd1333b7971adcba1d7d0a60b1b994d4324ee0cc49fa7aacd4dfc2d8,ios,3,,Support is slow but eventually resolves issues. Response time needs improvement.,2026-03-13,5.40.0,en,10
36675939a5f2d6e6f98223153b7355e7e2d3ece1e6546b4962771ec523564a56,android,3,,Support is slow but eventually resolves issues. Response time needs improvement.,2026-03-12,5.40.0,en,10
0ceb9e2a54d1ab166daf2dc34b0909d6f09fa82ff48b98ef705942c8c4e04773,ios,3,,Support is slow but eventually resolves issues. Response time needs improvement.,2026-03-12,5.40.0,en,10
a7be4a08dbb9b71511e76a644421a8bf5fa432aa23cdcd2f9a88a5ebd21e443f,android,3,,Support is slow but eventually resolves issues. Response time needs improvement.,2026-03-12,5.40.0,en,10
cd3debc6ce44e2757a202f6c922742c70eccf2df96285629c382733b543bfa57,android,3,,Support is slow but eventually resolves issues. Response time needs improvement.,2026-03-11,5.40.0,en,10
66cb336b3a9fd0d98fefb8ee76abecdce5dbe63058fe0c34a7f92be90f4ec04c,ios,3,,Support is slow but eventually resolves issues. Response time needs improvement.,2026-03-10,5.40.0,en,10
6e151e140a375a8461172e84eb3437d5a0271ed73e40ef5f2475a72dc2353f8b,android,3,,Support is slow but eventually resolves issues. Response time needs improvement.,2026-03-09,5.40.0,en,10
378b08e0298db516f92ff20983740f9c1baacdd83674b50473d747cd741c22cf,android,3,,Support is slow but eventually resolves issues. Response time needs improvement.,2026-03-09,5.40.0,en,10
59cfba06d0ac10b8e1b987504fecf0b632a6217c74866317c2c07e37ff1f8ac9,ios,3,,Support is slow but eventually resolves issues. Response time needs improvement.,2026-03-06,5.39.0,en,9
6269bcefe93cfcba7b76b136aafa3f9b18e7a6ec7af1bed0bb49721f9d3abe48,android,3,,Support is slow but eventually resolves issues. Response time needs improvement.,2026-03-05,5.39.0,en,9
6876c8a90c647e820d97c034186555359791d2064a4da1d9a3a58a1da5a8e49a,android,3,,Support is slow but eventually resolves issues. Response time needs improvement.,2026-03-05,5.39.0,en,9
d8f3235170100f467f91e774396a93de45e9635aa47fe8aec310d0705c653e6d,android,3,,Support is slow but eventually resolves issues. Response time needs improvement.,2026-03-05,5.39.0,en,9
b8f45daef16d8e35ad63b87e5782cbe1b93847848588a49ddb6bbd1f215ae238,android,3,,Support is slow but eventually resolves issues. Response time needs improvement.,2026-03-04,5.39.0,en,9
6f648cc9e39c28fda68bf2b77e2566772849830672c63be266dd961063bb9d7c,android,3,,Support is slow but eventually resolves issues. Response time needs improvement.,2026-03-04,5.39.0,en,9
76f7f200a84de5440cacbfcdcd7a484c06e1cf12f8354d1e08f7b8d640d3010e,ios,3,,Support is slow but eventually resolves issues. Response time needs improvement.,2026-03-04,5.39.0,en,9
39ca4773a792ae3022d7c24583f8fd249093676f2263282955bbd00e70df7f70,ios,3,,Support is slow but eventually resolves issues. Response time needs improvement.,2026-03-03,5.39.0,en,9
cbf5126dbbd8de7c5ad2d46675f8fc8177aae102faeecb83363ad00ccb40d58d,android,3,,Support is slow but eventually resolves issues. Response time needs improvement.,2026-03-02,5.39.0,en,9
a64f41742dadafbf42ae22b8598f33bb4252400d5c57e10c0587ce506f81377d,ios,3,,Support is slow but eventually resolves issues. Response time needs improvement.,2026-03-02,5.39.0,en,9
be92aec494292157f1effbff560c129aab6a2910bb2f6d9b9450391212a3929d,android,3,,Support is slow but eventually resolves issues. Response time needs improvement.,2026-03-02,5.39.0,en,9
a5b9016f6c53e847c475d1dbb8609136de4a7f83401748ecf2b2205d5336f9e2,android,3,,Support is slow but eventually resolves issues. Response time needs improvement.,2026-03-01,5.38.0,en,8
a1f4b0bbf09bf5bc60a61dc6d2c6cb9a61e8dfcef8a54c7cbe9cc1b3560a8c46,ios,3,,Support is slow but eventually resolves issues. Response time needs improvement.,2026-03-01,5.38.0,en,8
8c88904e30859ae66ee2e1f7e8057b48bc44f0665909c632c89a01aa950d86f7,ios,3,,Support is slow but eventually resolves issues. Response time needs improvement.,2026-02-28,5.38.0,en,8
0209fdcab36a3c5bfffcecf91897ec72813f432dcbb36895888bf54e55701d47,ios,3,,Support is slow but eventually resolves issues. Response time needs improvement.,2026-02-28,5.38.0,en,8
3fbdfdf910de231cd60cc379316d6ce103934d44e8c29af630bd39d63bda80be,ios,3,,Support is slow but eventually resolves issues. Response time needs improvement.,2026-02-28,5.38.0,en,8
571102f429f98fda68b26922e3c2087b33fc86e6dc515235c11a3dde25baa1d9,ios,3,,Support is slow but eventually resolves issues. Response time needs improvement.,2026-02-28,5.38.0,en,8
a7183c69e30b0a779d209d7a96b3dfb9753c230139ad53e9b498067de993bc29,android,3,,Support is slow but eventually resolves issues. Response time needs improvement.,2026-02-27,5.38.0,en,8
fd9a728ebf117b014ca4a265c52651d442a3e6e669fc4e830a1e450e98e10abc,android,3,,Support is slow but eventually resolves issues. Response time needs improvement.,2026-02-27,5.38.0,en,8
3b5428e6e807ebffc15ee3301f1690e876f5827c5cc4fe73a54be11e04357605,ios,3,,Support is slow but eventually resolves issues. Response time needs improvement.,2026-02-26,5.38.0,en,8
f73aa67316a3ce907bca9e387b54a57f2c4cb322592e7285fdb0ac39e04f1f01,android,3,,Support is slow but eventually resolves issues. Response time needs improvement.,2026-02-26,5.38.0,en,8
327d862d81303f3ca815445c13e9c1b87b56f7d35d197a90fae8e8607344f905,ios,3,,Support is slow but eventually resolves issues. Response time needs improvement.,2026-02-26,5.38.0,en,8
aedaf57aa87ddabd6be9b254f529c0775fbded3090d0a42e0d8037440ccbac2f,ios,3,,Support is slow but eventually resolves issues. Response time needs improvement.,2026-02-25,5.38.0,en,8
b0da71b6ba9fb329c6e9c722e0920455a2e6bafde6d7538a373fde83bb726e2b,ios,3,,Support is slow but eventually resolves issues. Response time needs improvement.,2026-02-25,5.38.0,en,8
fe649c79ea855a9a01b47d4dc08b9d71335a8c353ec56c569a22be23b129a8fe,ios,3,,Support is slow but eventually resolves issues. Response time needs improvement.,2026-02-25,5.38.0,en,8
2b2db3fb0b2abe64af6e4ae7a11a25c4dd121f2de81b2460913fd922d658f3c7,ios,3,,Support is slow but eventually resolves issues. Response time needs improvement.,2026-02-24,5.38.0,en,8
07cd959be66ee1665968e3769a8b11874a32b664d9ef7fac3eba5196e3f139d2,android,3,,Support is slow but eventually resolves issues. Response time needs improvement.,2026-02-24,5.38.0,en,8
0bd2035eb857498e4baf69afe3c3a998af2d62de9ca5583ffef12fccb498ed41,android,3,,Support is slow but eventually resolves issues. Response time needs improvement.,2026-02-24,5.38.0,en,8
75ee3bb792b09244a14070eeaaa094063ded27ffbcf91e880ad024b2aaa678f7,android,3,,Support is slow but eventually resolves issues. Response time needs improvement.,2026-02-24,5.38.0,en,8
4ff1aa8869663c0686bb4154b74a2f17082a6d5f9a30cb1bb026db62b8ffb97a,ios,3,,Support is slow but eventually resolves issues. Response time needs improvement.,2026-02-23,5.38.0,en,8
32d80510af07d5ffcac3584e7c35b32a060307e1dec44c1f0aa7e532cb5f5171,android,3,,Support is slow but eventually resolves issues. Response time needs improvement.,2026-02-23,5.38.0,en,8
bed841ec432d3937a2137c855cf00414ec598de4f04c6a30deb2364fb6a82d9c,ios,3,,Support is slow but eventually resolves issues. Response time needs improvement.,2026-02-23,5.38.0,en,8
17836fa947cacaa8541acd8eb1b2daa589e5d203bf0cd13b93d5843a02410f35,android,3,,Support is slow but eventually resolves issues. Response time needs improvement.,2026-02-23,5.38.0,en,8
798c6752709f51e42c625efcdea35d3a852de8824acf62d94f0ca4ef54088b80,android,3,,Support is slow but eventually resolves issues. Response time needs improvement.,2026-02-22,5.37.0,en,7
3e3e6c32e8f93ccf3ec30bba8d9c25700c68a5d3568f78b442ce881d67b242a2,ios,3,,Support is slow but eventually resolves issues. Response time needs improvement.,2026-02-21,5.37.0,en,7
9390a792fcd710f8e8e9a5de63d4b90d38834232d3ba06e6791f718f6e86ffad,android,3,,Support is slow but eventually resolves issues. Response time needs improvement.,2026-02-20,5.37.0,en,7
5e670e451b18b9b23df70997e1c6020c72ed0c4fd3a3f326203951e083d43271,android,3,,Support is slow but eventually resolves issues. Response time needs improvement.,2026-02-20,5.37.0,en,7
9dc3da37db75f63e2cff58a74a1b37a2cc3f52e5efcf404f02549718711e7e5f,android,3,,Support is slow but eventually resolves issues. Response time needs improvement.,2026-02-20,5.37.0,en,7
caafe271df13a7bbff2c5437363afbad6e7bd253bc66bc27fa011567dfd12ca6,android,3,,Support is slow but eventually resolves issues. Response time needs improvement.,2026-02-19,5.37.0,en,7
d2b90088e2ab31ed5b35f26e44f75db05222362f3fc6ca4551e7caa7de4c63a0,ios,3,,Support is slow but eventually resolves issues. Response time needs improvement.,2026-02-18,5.37.0,en,7
d59486600d3bbb99ea247b49c6b22b8b1c36ed8ff7598eaaa0536f46d70723ae,ios,3,,Support is slow but eventually resolves issues. Response time needs improvement.,2026-02-18,5.37.0,en,7
89ec4be177d2d8796f051859a76bee7834d9bdb32f2aad6374b090140917cdfe,ios,3,,Support is slow but eventually resolves issues. Response time needs improvement.,2026-02-16,5.37.0,en,7
2ed9eb0cdc42f7bcb36056bedb6b5cbc58e9b70ec43aee5d6cb01618168ede27,android,3,,Support is slow but eventually resolves issues. Response time needs improvement.,2026-02-16,5.37.0,en,7
46fc7d21413ed90ef5e78b415e1e6b981bb639ab829f584f07c810ebfd005cd7,android,3,,Support is slow but eventually resolves issues. Response time needs improvement.,2026-02-15,5.36.0,en,6
99610046d30b7341e59e365a71dfbed07f7f7bd601a7682bff52b7ead3ac1f9d,ios,3,,Support is slow but eventually resolves issues. Response time needs improvement.,2026-02-15,5.36.0,en,6
01f5e8f2b4644d69a5f5b876472b60f2d820137e6b2d482b7c3767ffce912995,ios,3,,Support is slow but eventually resolves issues. Response time needs improvement.,2026-02-14,5.36.0,en,6
5dfab83f87293862bbb9b5953fc2f17da000c80e86e78ed2dc4d06a75c4fd13e,android,3,,Support is slow but eventually resolves issues. Response time needs improvement.,2026-02-13,5.36.0,en,6
a7d51be7d1a9af26e3be21305963ceaedc025208efdae40cf85b91968a9a62e0,android,3,,Support is slow but eventually resolves issues. Response time needs improvement.,2026-02-11,5.36.0,en,6
8ca17f2bfbaf6603ffb3876d68236d772b09b01acf2a4d7e907918454d143766,android,3,,Support is slow but eventually resolves issues. Response time needs improvement.,2026-02-11,5.36.0,en,6
73db8088ada8e4aac3377813a2531c5ac398ae8f25862c6c0c21e1f7e3ddb432,android,3,,Support is slow but eventually resolves issues. Response time needs improvement.,2026-02-11,5.36.0,en,6
ac73d70e0a1bd40bd392d6daea7135a9d73f8de7ccd92210f6e300e4903fa544,android,3,,Support is slow but eventually resolves issues. Response time needs improvement.,2026-02-11,5.36.0,en,6
4b03822c227c890321a01ea4bee0a00d8bf53c3ac076076cfc3718e335c2af7f,android,3,,Support is slow but eventually resolves issues. Response time needs improvement.,2026-02-11,5.36.0,en,6
5d57ed3febd935b3b5be553b65b26a6811b8d1e6e1fb2883258b0021e66f0abd,ios,3,,Support is slow but eventually resolves issues. Response time needs improvement.,2026-02-10,5.36.0,en,6
da232bbc44af0134387ac627a227f54a578aa1cfd62a934017d3c672bc0cf2a9,ios,3,,Support is slow but eventually resolves issues. Response time needs improvement.,2026-02-10,5.36.0,en,6
3cc0623f0c733264d87bfb7c39e5359f5c4f7f81c54e01a4bde19e022cc47d2c,ios,3,,Support is slow but eventually resolves issues. Response time needs improvement.,2026-02-10,5.36.0,en,6
0b30d2d7f4a12a19a795429662b1dfd52931c95f357362835c74ba6befcace6c,ios,3,,Support is slow but eventually resolves issues. Response time needs improvement.,2026-02-09,5.36.0,en,6
2b35e8cce2ab3171600a6b2d0414c754d63dc0747c410c9267d82c7867421ca4,ios,3,,Support is slow but eventually resolves issues. Response time needs improvement.,2026-02-09,5.36.0,en,6
4578eeed5d3746862e3b62160bb24989d196e8b6df7d56fff236733c6bf7d334,ios,3,,Support is slow but eventually resolves issues. Response time needs improvement.,2026-02-08,5.35.0,en,5
4f48ec9858be32a239458b31e2ef3d77cba930a6f0118e1101af27257ccfbaab,android,3,,Support is slow but eventually resolves issues. Response time needs improvement.,2026-02-08,5.35.0,en,5
12da996b219229ba071fa8b54651f09e089405ec219712493f750058bbc1bf6a,ios,3,,Support is slow but eventually resolves issues. Response time needs improvement.,2026-02-06,5.35.0,en,5
b4325be246d1bedd435962af0ef2787056fb39cfee8cb7adef5a317b98852c64,android,3,,Support is slow but eventually resolves issues. Response time needs improvement.,2026-02-06,5.35.0,en,5
ae2badcb11fb7cf6506cd872e5d77a748200a9f585f4d07d75ad463a712924c4,ios,3,,Support is slow but eventually resolves issues. Response time needs improvement.,2026-02-05,5.35.0,en,5
feed6221e20c85a3253fd1da81ef4ea3e5e8656d4159a1da32b7cb72781ea21e,ios,3,,Support is slow but eventually resolves issues. Response time needs improvement.,2026-02-04,5.35.0,en,5
f3a0c80b285a553424c373c7222331f26d68761f35374992e0fab362245c872c,android,3,,Support is slow but eventually resolves issues. Response time needs improvement.,2026-02-04,5.35.0,en,5
0f2a4b9608d6e79d21c01a5e19d423d9d910e47a80caeb841aa689305586a9c0,ios,3,,Support is slow but eventually resolves issues. Response time needs improvement.,2026-02-03,5.35.0,en,5
c52acb795e5a448cad105ff133c3b9cf430ef2c2ee5722eb3b3efef53ada6718,android,3,,Support is slow but eventually resolves issues. Response time needs improvement.,2026-02-03,5.35.0,en,5
7af14b56f21b85a0d33e24a1570fad238fc764837a23b9597cf0ac2e48cc91e8,android,3,,Support is slow but eventually resolves issues. Response time needs improvement.,2026-02-03,5.35.0,en,5
1297152bdbc562929d37741c4945a073061d7a603e6c60f6de378e01b2d8660c,ios,3,,Support is slow but eventually resolves issues. Response time needs improvement.,2026-02-03,5.35.0,en,5
e0772bc28b5f4674e3656d4f58ba6ca95e36de0a4df80fa3b4fb166a3c8f9baa,ios,3,,Support is slow but eventually resolves issues. Response time needs improvement.,2026-02-02,5.35.0,en,5
f82a5e4fab49e26e74448d66ae1880194936189232d0c7d1653ef7153f410822,ios,3,,Support is slow but eventually resolves issues. Response time needs improvement.,2026-02-02,5.35.0,en,5
bfb01ece65fe18773aa8ccf511da0c25b24c793dc2ecd3ad3cc4e250b6b2ceef,android,3,,Support is slow but eventually resolves issues. Response time needs improvement.,2026-02-01,5.34.0,en,4
55ec8374d6a1b710610212338abe25ef7f4ff334241c6862a7b0339385ab3850,android,3,,Support is slow but eventually resolves issues. Response time needs improvement.,2026-02-01,5.34.0,en,4
7ba17f94c5d0c08666c2f99259ca04297199255e54dfc6212866d769e54d2052,ios,3,,Support is slow but eventually resolves issues. Response time needs improvement.,2026-01-31,5.34.0,en,4
7252ce2b8cabd3b6b532666bd0ffb6a2f7e81291511ca30efc04da35ce7f42ec,ios,3,,Support is slow but eventually resolves issues. Response time needs improvement.,2026-01-31,5.34.0,en,4
12101a6370bd87b1adeba46781a70ccd95592f1511a089fc3929e31477908a3d,android,3,,Support is slow but eventually resolves issues. Response time needs improvement.,2026-01-27,5.34.0,en,4
7fea6e6b60dc8c08b488b1e4f234d6876f14831dd8269c2d515a40c30662815a,ios,3,,Support is slow but eventually resolves issues. Response time needs improvement.,2026-01-27,5.34.0,en,4
06baed7c040366c18e10176fa0c9efab2ac7321375db3bd48a7f32433322ead1,ios,3,,Support is slow but eventually resolves issues. Response time needs improvement.,2026-01-26,5.34.0,en,4
dd6dda5377d975853a9f0e44223ca3487f65d9818106278794e3f9b7dc405fd7,android,3,,Support is slow but eventually resolves issues. Response time needs improvement.,2026-01-26,5.34.0,en,4
a647edb271de68404039006271a3a35eb2c26b94f87c2015855f4a3bbc13b872,android,3,,Support is slow but eventually resolves issues. Response time needs improvement.,2026-01-24,5.33.0,en,3
536dd435b63d7eb112310085fc809a8bb5b82e350eaaff6927daadd7a7c12688,android,3,,Support is slow but eventually resolves issues. Response time needs improvement.,2026-01-23,5.33.0,en,3
19f9870d12c59c08e166b6d2ac79909cc367b98fbfacb0ffe5d8cd4bae77d9ec,android,3,,Support is slow but eventually resolves issues. Response time needs improvement.,2026-01-23,5.33.0,en,3
04f88478c9217fb65b6b4fe6a1633cacdca81c7b58c0bcf14444edbfef6b555b,ios,3,,Support is slow but eventually resolves issues. Response time needs improvement.,2026-01-23,5.33.0,en,3
9135da14b22fa23c896c02aed69c9b187f7c510189fb5669b45f8085c9daa8ab,ios,3,,Support is slow but eventually resolves issues. Response time needs improvement.,2026-01-23,5.33.0,en,3
a58ab89f5fbd50f06983977e3a41dd660b3d13a3f2597bc19fa70a97b12b3bf7,android,3,,Support is slow but eventually resolves issues. Response time needs improvement.,2026-01-22,5.33.0,en,3
52f50b1935e5dc65059376a3b7f608a3a8a6f51143a456acf6094f22c6a04847,android,3,,Support is slow but eventually resolves issues. Response time needs improvement.,2026-01-20,5.33.0,en,3
1c10c00fc9a45b1de2c36dfb69d170b38e913c6750ec447360d61e368bdc75e9,ios,3,,Support is slow but eventually resolves issues. Response time needs improvement.,2026-01-20,5.33.0,en,3
3264ca4d629958f0bce4ec90253decfce8e166d8e28f56f713b442eb3f8458f6,ios,3,,Support is slow but eventually resolves issues. Response time needs improvement.,2026-01-19,5.33.0,en,3
a88fb48c3d6af183868c2737fa0184e07b0a44b32e7cc8dc604ca4301a345031,ios,3,,Support is slow but eventually resolves issues. Response time needs improvement.,2026-01-19,5.33.0,en,3
ea3985efa003969f1731e8f6143d5b25095c1cb19c4404fc16c8d4183512c54a,ios,3,,Support is slow but eventually resolves issues. Response time needs improvement.,2026-01-19,5.33.0,en,3
01da6237863fb537aae189c72f8bc599755cf9fc4b462c2dba46ea05a62f5b4f,ios,3,,Support is slow but eventually resolves issues. Response time needs improvement.,2026-01-19,5.33.0,en,3
a5541c1e40e784a3eeafad8f018f0828715d7a043f730c02c224cd7949a7860f,ios,3,,Support is slow but eventually resolves issues. Response time needs improvement.,2026-01-18,5.32.0,en,2
afdbda469f40cf9fe56a4c572317070bd3e3ac221bbc1672229d3447f6eca525,ios,3,,Support is slow but eventually resolves issues. Response time needs improvement.,2026-01-18,5.32.0,en,2
ca722c13ab1d35720f11b5dca5de0cbd6c4308cd82dd510392b3552d0bdbc9e7,ios,3,,Support is slow but eventually resolves issues. Response time needs improvement.,2026-01-18,5.32.0,en,2
c872fb4f28419690f6858a0672a9630213e71846d7a5a3490c9186e2e38b2d1b,android,3,,Support is slow but eventually resolves issues. Response time needs improvement.,2026-01-17,5.32.0,en,2
6f3a27517874034b7ad7df1bc2661926bca18511e54f608305891c2026f71328,ios,3,,Support is slow but eventually resolves issues. Response time needs improvement.,2026-01-17,5.32.0,en,2
f9af51ad3fbf839f481f1f55f9cb83c88eb0294a82735c7a31b3cd4367b2c708,ios,3,,Support is slow but eventually resolves issues. Response time needs improvement.,2026-01-15,5.32.0,en,2
6fa4635bdb6fa45160f1939b59ff8b803b26756a0e71fe42a049a5e236d3ddf8,android,3,,Support is slow but eventually resolves issues. Response time needs improvement.,2026-01-12,5.32.0,en,2
a244102bc0f8b906682b1e8dd277bcbc4beb526339cd175a84e02ec24afcd807,android,3,,Support is slow but eventually resolves issues. Response time needs improvement.,2026-01-12,5.32.0,en,2
a4a4ff21404ecefcc9e39a1496d0e8113ef789a2445fcbc8eeb4c4539f5e9484,ios,3,,Support is slow but eventually resolves issues. Response time needs improvement.,2026-01-12,5.32.0,en,2
10212bb12ec10731bd071621e7e09c83bc31a26be213f3deeb73b55fd4f3ba22,android,3,,Support is slow but eventually resolves issues. Response time needs improvement.,2026-01-10,5.31.0,en,1
5349ea2c57d7e0d35b645ef202d05aeeeab118e78e1551a5d7828be64ddd21ec,ios,3,,Support is slow but eventually resolves issues. Response time needs improvement.,2026-01-09,5.31.0,en,1
32ca87a8de073f32f53658f22c8d69a27298e62364da62f36a978ddea47b17a3,ios,3,,Support is slow but eventually resolves issues. Response time needs improvement.,2026-01-09,5.31.0,en,1
5c17b4c4de1c56e58cc845c27d4640f95e42a9e65676bc460702a94f1c2b3590,android,3,,Support is slow but eventually resolves issues. Response time needs improvement.,2026-01-09,5.31.0,en,1
a16de71daeaa27fafa40303cc9ae876f6a098f58d6180efb83e927b5989d7f16,android,3,,Support is slow but eventually resolves issues. Response time needs improvement.,2026-01-08,5.31.0,en,1
4c92eaf7f8670bb13aab2bacb04c7b6a4be02f87cc0ba5b50e9a7bdc2c7b4bca,ios,3,,Support is slow but eventually resolves issues. Response time needs improvement.,2026-01-07,5.31.0,en,1
ee0bde5799169d02b71df85ce63c1dd0a5de6f539384883cdaff7c15931308a8,ios,3,,Support is slow but eventually resolves issues. Response time needs improvement.,2026-01-06,5.31.0,en,1
6b6dcdcf2854e0de7d17b5be15b1ef98b13d71d748ab9836150f74a02b5e90ef,ios,3,,Support is slow but eventually resolves issues. Response time needs improvement.,2026-01-06,5.31.0,en,1
4f81dbe0a1d43ff841c46c6dccde56e11854be4a65dd897b7d21598a701b207e,android,3,,Support is slow but eventually resolves issues. Response time needs improvement.,2026-01-05,5.31.0,en,1
afaa9565d1ed986f6fd6afe6c945afb1af1e64679c47fd87b5b1a872f6751929,ios,3,,Support is slow but eventually resolves issues. Response time needs improvement.,2026-01-05,5.31.0,en,1
21497775fe73789a318a5ed62b28b7004514b2cfaa407d33c0b0e63db9f5ea06,android,4,,"Thanks for working on my feedback 🤗 updated april23 April 2026 the basket button is slow in response, I have to press it multiple time to turn is on off... make it more responsive pls",2026-04-23,18.7.1,en,
